Jobname	URL	Location	Date	Company	Description
Senior Solutions Architect - Work from Home	https://pe.linkedin.com/jobs/view/senior-solutions-architect-work-from-home-at-oowlish-3661083706?refId=%2BEbYmN%2Bqmf13CuPN1vqrqw%3D%3D&trackingId=vy2Ee41cjZMX%2BipCxf%2FVrA%3D%3D&position=1&pageNum=0&trk=public_jobs_jserp-result_search-card	Lima, Peru	6 days ago	Oowlish	"Be part of our team!
ğŸš€ğŸ’¼ Are you ready to launch your career into the tech stratosphere with one of Latam's fastest-growing software development companies? ğŸ’ªğŸ’» At Oowlish, we're on the hunt for tech maestros to join our dynamic, cosmopolitan squad.
As an ğŸ¦‰OowlishğŸ¦‰ team member, you wonâ€™t just be part of a team, youâ€™ll join an innovative, supportive family, partnering with top-tier clients from the USA and Europe ğŸŒ to kickstart their digital journey. And being part of a ğŸŒŸGreat Place to WorkğŸŒŸ, itâ€™s all about learning, growing, and making a global impact - together!
Enjoy the flexibility of working in your PJs ğŸ§¦, with your furry friend ğŸ¶ on your lap, relishing your freedom and maintaining a perfect work-family life balance âš–ï¸. Because we know thatâ€™s when youâ€™re at your best. If you're a tech enthusiast ğŸ•¹ï¸, fluent in English ğŸ—£ï¸, and thrilled about working remotely while making an international splash, then you're on the right page!
Our client seeks an experienced Senior Solution Architect (SA) in their Global Technology Solutions (GTS) organization to focus on their API and integration infrastructure to allow them to expose and manage data assets for use internally and externally. As one of our senior technology leaders, the SA will see the â€œbig pictureâ€ and create architectural approaches for solution design and implementation to guide the development teams.
Responsibilities
Lead the design of a comprehensive and cohesive API Platform and Developer Portal across our products and applications. Solve cross-cutting concerns like:
Access control and Authorization
Administration and Billing
Monitoring and reporting
Asynchronous event publication
Registration and self-service
Establish, maintain, evangelize, and communicate an ongoing strategic architectural vision for the clientÂ´s integrations.
Evaluate requirements for technical and functional gaps against existing platforms and establish a roadmap to deliver these capabilities in a sustainable way that promotes maximum re-use. The ability to elicit and identify requirements for the solution is a must.
Collaborate and influence peer technical partners and business leaders toward a published technical vision.
Ensure our technological solutions meet the highest standards of security, stability, performance, and scalability.
Key Contributor in the development of strategic planning ensuring linkage to the overall strategic business objectives of the corporation.
Identify problems and issues, collect and integrate information from a variety of sources to establish a course of action, and communicate the architectural issues and solutions clearly and concisely.
Collaborate with team members on tactical design to ensure deliverables are technically accurate and useful.
Analyze problems from a practical point of view and evaluate ideas and suggestions to help the teams make balanced, fact-based decisions.
Identify critical architectural design activities & tasks on projects, help with functional epic and enabling feature estimation and planning, ensure timely and accurate communication of status, and contribute beyond assigned tasks - adjusting priorities when appropriate.
Contribute to project success by providing ideas, and strategies, improving communication among team members, and executing decisions.
Lead in training, motivating, mentoring, and serving as a mentor to others on the team.
Must Haves
Strong written and verbal skills (English)
Strong technical background with at least 15 years of work experience in one or more engineering areas including but not limited to:
IT architecture, infrastructure, and cloud development
Engineering and software architecture design
Software development
DevOps or data engineering
Experience in building and implementing both a Data platform and an API suite
Knowledge of query standards like OData and GraphQL
Data Platform and/or ETL/ELT experience highly desirable
Proven ability to lead teams and work cross-functionally with technical and non-technical team members (+50 person working teams/trains is highly preferred)
Nice To Have
Experience with Kong API Gateway a strong plus
Benefits & Perks
Home office ğŸ 
Flexible Hours;ğŸ•œ
Competitive compensation based on experience; ğŸ’µ
Career plans to allow for extensive growth in the company;ğŸ“ˆ
International Projects;ğŸŒ
Oowlish English Program (Improving and Certifying)ğŸ“š
Spanish Classes ğŸ“š
Oowlish fitness with Total Pass;ğŸ‹â€â™€ï¸
Oowlish Academy (Grants for Education);ğŸ“
Build your Home Office (Grants for Computer & Equipment);ğŸ’»
Connecting You (Internet allowance);ğŸ“¡
Anniversary bonus;ğŸ’¸
Wedding gift;ğŸ‘°â€â™€ï¸
Pet adoption incentive;ğŸ•
New baby Owl bonus;ğŸ‘©â€ğŸ¼
Back to School bonus;âœï¸
Netflix Subscription;ğŸ“½
Oowlish paradise â€“ 4 days/year at a Resort with your family & pets;ğŸ
Vacation Bonus;ğŸ–
Games and Competitions;ğŸ®
Enjoy your national Holidays;ğŸŠ
Oowlet StoreğŸ›’
Come join us in breaking the mold and revolutionizing the tech landscape! ğŸŒ Remember, with Oowlish, youâ€™re not just getting a job, youâ€™re becoming part of a community ğŸŒ of innovative, talented, and inspiring individuals who respect each other and our furry friends ğŸ¾.
Why wait to make your mark on the tech world?
Hit â€˜Apply Nowâ€™ to embark on Oowlish's exciting journey, and let's turbocharge innovation together! ğŸš€ğŸ‰
You Can Also Apply Here
Website: https://www.oowlish.com/work-with-us/
LinkedIn: https://www.linkedin.com/company/oowlish/jobs/
Instagram: https://www.instagram.com/oowlishtechnology/
#amazon #job #home #linkedin #career #online #employment #remote #work #international #clients #in #united #states #USA #vacant #hiring #opportunities #hire #application #apply #virtual #wfh #tech #best #english #offer #vacancy #desarrollador #desarrolladora #front #end #programador #programadora #programmer #full #stack #software #engineer #desarrollo #system #developer #code #desenvolvedor #engenheiro #sql #sde #web #backend #empleo #trabajo #ofertas #emprego #vagas #analista #android #api #aplicacion #app #apple #arquitect #automation #aws #azure #blockchain #builder #certified #ciber #cnc #coding #computa #consultor #cyber #data #delphi #desenvolve #dev #devops #diseÃ±a #django #etl #flutter #frontend #fullstack #git #hunt #informatica #ingenier #io #iphone #java #Link #microsoft #mobile #movil #node #oracle #php #plc #product #project #proyecto #python #react #ruby #sap #scrum #sdlc #senior #shopify #sistema #soft #sql #tec #tech #lead #testing #top #unity #vscode #web #design #wordpress"
Analista Programador .Net Core/ Angular	https://pe.linkedin.com/jobs/view/analista-programador-net-core-angular-at-efitec-corporation-3677745573?refId=%2BEbYmN%2Bqmf13CuPN1vqrqw%3D%3D&trackingId=Y8vkQWybc22GB%2Fiiht57ng%3D%3D&position=2&pageNum=0&trk=public_jobs_jserp-result_search-card	San Borja, Lima, Peru	2 weeks ago	Efitec-Corporation	"En Efitec nos encontramos en la buÌsqueda de profesionales con experiencia aplicada en .Net Core y Angular
Requisitos
Egresado teÌcnico o universitario de la carrera de IngenieriÌa de Sistemas, InformaÌtica o a fines
Experiencia miÌnima de 3 anÌƒos como Desarrollador y/o Analista Programador
Posibilidad de trabajo SEMIPRESENCIAL (3 diÌas presencial)
Experiencia framework frontend con Angular
Experiencia framework backend con .Net Core
Conocimientos en SQL Server y Oracle
Manejo de IDE (Visual Studio, Visual Code)
Manejo de HTML5, CSS3 y javascript
Funciones
Investigar, analizar, desarrollar e implementar soluciones
Realizar el mantenimiento y actualizaciones de softwares y aplicaciones
AnaÌlisis e implementacioÌn de mejoras.
Proporcionar asistencia a los usuarios que utilizan los programas y aplicaciones desarrolladas.
Beneficios
ContratacioÌn por planilla MYPE
Puntualidad en pagos
Acceso a EPS
Horarios estables.
Trabajar junto con un equipo dispuesto a compartir conocimiento y desafiÌos.
Oportunidad de crecimiento laboral.
Integrar una empresa que se encuentra en proceso de expansioÌn.
Â¡Postula y forma parte de nuestra familia corporativa!"
desarrollador/a web FullStack	https://pe.linkedin.com/jobs/view/desarrollador-a-web-fullstack-at-vision-games-corporation-s-a-c-3672397376?refId=%2BEbYmN%2Bqmf13CuPN1vqrqw%3D%3D&trackingId=g3Tky3SR6F%2BTuiMX8syCBw%3D%3D&position=3&pageNum=0&trk=public_jobs_jserp-result_search-card	Lima, Lima, Peru	2 weeks ago	Vision Games Corporation S.A.C	"Empresa dedicada al rubro de casino y tragamonedas se encuentra en la buÌsqueda de un Desarrollador Web Full Stack, proactivo, responsable, organizado, sociable, comunicativo, adaptable a los cambios, con actitud y aptitud
Requisitos
Lenguaje: HTML,JavaScript,CSS,C#,Net,Pphp
Framework:Angular o React
Sofware:MySQL,VSCode,MS vISUAL Studio, IIS
Otros:Amazon web Services,Google Cloud,GitHub,manejo de APIS,Windows Server"
Programador full stack	https://pe.linkedin.com/jobs/view/programador-full-stack-at-enotria-sa-3691637132?refId=%2BEbYmN%2Bqmf13CuPN1vqrqw%3D%3D&trackingId=8bZne8JNC5w5D0wX0wI%2FRQ%3D%3D&position=4&pageNum=0&trk=public_jobs_jserp-result_search-card	Lima, Lima, Peru	1 hour ago	Enotria SA - RUC 20100117526	"En
Enotria
, nos dedicamos a gestionarÂ de manera inteligente y segura la informaciÃ³n fÃ­sica y
digita
l de nuestros clientes. ManejamosÂ procesos seguros e innovadoresÂ aplicando
metodologÃ­as Ã¡giles
en el desarrollo de los
proyectos
con losÂ mÃ¡s importantes clientesÂ de los sectores de Utility, Banca & Finanzas y Retail del PerÃº, a quienes apoyamos en su proceso de
TransformaciÃ³n Digital.
Â¡Vive nuestra Cultura Fibra E!
Buscamos talentos apasionados para:
Realizar el anÃ¡lisis de los requerimientos y cambios solicitados por los clientes internos y externos a nivel de desarrollo, asÃ­ como tambiÃ©n supervisar que el desarrollo de las aplicaciones que se desarrollen o modifiquen en TI cumplan con los estÃ¡ndares de programaciÃ³n y seguridad, ademÃ¡s apoyar en la planificaciÃ³n de la atenciÃ³n de los requerimientos o incidentes.
TendrÃ¡s las siguientes responsabilidades:
Validar el cumplimiento de los estÃ¡ndares de desarrollo establecidos.
Establecer tiempos de cumplimiento del desarrollo de aplicaciones, y elaborar, administrar y cumplir el plan de trabajo aprobado.
Validar que el desarrollo cumpla con la Arquitectura establecida.
Realizar el anÃ¡lisis de los requerimientos y crear la documentaciÃ³n necesaria de acuerdo con el alcance definido.
Definir los casos de prueba, en trabajo conjunto con Soluciones de Negocio y Desarrollo a nivel tÃ©cnico y/o integraciones.
Definir tecnologÃ­as a utilizar en mantenimiento TI y desarrollo TI
Absolver consultas tÃ©cnicas acerca de temas o componentes Enotria y su arquitectura.
Revisar que se dÃ© el cumplimiento de estÃ¡ndares de programaciÃ³n.
Entregar feedback al jefe de Desarrollo y Mantenimiento sobre las lecciones aprendidas.
Lo que necesitamos de ti / Â¿QuÃ© buscamos en tu perfil?
Â·
Estudios tÃ©cnicos o universitarios concluidos de las carreras de IngenierÃ­a de Sistemas, InformÃ¡tica, Desarrollo o carreras afines.
Â·
Experiencia mÃ­nima de 03 aÃ±os como Desarrollador Full Stack, Analista Programador, Analista de Sistemas y/ puestos afines.
Experiencia mÃ­nima 01 aÃ±o en ejecuciÃ³n de arquitectura de proyectos y soluciones TI.
Â·
Experiencia en desarrollo de aplicaciones TI (Indispensable).
Â·
Experiencia en ejecuciÃ³n de proyectos TI (Indispensable).
Â·
Manejo indispensable de programaciÃ³n en NodeJs, Angular, C# y .NET.
Â·
Manejo intermedio de SQL Server.
Â·
Conocimiento en AWS (BÃ¡sico).
Â·
Experiencia liderando a personas. (Deseable).
Â·
Conocimiento de Interfaz de programaciÃ³n de aplicaciones (API).
Â·
Disponibilidad para trabajar en modalidad presencial en Ate - Lima (frente al Mall Aventura de Santa Anita).
Â¿Y las habilidades blandas?
Â·
Contamos con tu capacidad para comunicarte a todo nivel. Del mismo modo, tu capacidad de anÃ¡lisis y planificaciÃ³n para brindar soluciones innovadoras.
Te brindamos:
Beneficios de acuerdo a ley.
Ambiente agradable para tu trabajo.
SubvenciÃ³n de comedor.
Desarrollo profesional (Oportunidad de crecimiento en lÃ­nea vertical y/o horizontal)
Activaciones por dÃ­as festivos (SegÃºn calendario)
Â¡ÃšNETE a nuestro gran equipo!
""En esta empresa estÃ¡ prohibida la discriminaciÃ³n de acuerdo con la ley NÂ° 29973 (Ley general de la persona con Discapacidad) y Ley NÂ° 30709 (Ley de igualdad salarial)"""
DevOps Engineer (AWS) - Work from home	https://pe.linkedin.com/jobs/view/devops-engineer-aws-work-from-home-at-oowlish-3667425700?refId=%2BEbYmN%2Bqmf13CuPN1vqrqw%3D%3D&trackingId=HWq9QDloY03c8g9HhSJe4g%3D%3D&position=5&pageNum=0&trk=public_jobs_jserp-result_search-card	Lima, Peru	1 day ago	Oowlish	"Be part of our team!
ğŸš€ğŸ’¼ Are you ready to launch your career into the tech stratosphere with one of Latam's fastest-growing software development companies? ğŸ’ªğŸ’» At Oowlish, we're on the hunt for tech maestros to join our dynamic, cosmopolitan squad.
As an ğŸ¦‰OowlishğŸ¦‰ team member, you wonâ€™t just be part of a team, youâ€™ll join an innovative, supportive family, partnering with top-tier clients from the USA and Europe ğŸŒ to kickstart their digital journey. And being part of a ğŸŒŸGreat Place to WorkğŸŒŸ, itâ€™s all about learning, growing, and making a global impact - together!
Enjoy the flexibility of working in your PJs ğŸ§¦, with your furry friend ğŸ¶ on your lap, relishing your freedom and maintaining a perfect work-family life balance âš–ï¸. Because we know thatâ€™s when youâ€™re at your best. If you're a tech enthusiast ğŸ•¹ï¸, fluent in English ğŸ—£ï¸, and thrilled about working remotely while making an international splash, then you're on the right page!
We are looking for an experienced DevOps Engineer to join our team and work on international projects. We are looking for people that want to grow, are challenge-driven, follow good practices, and are passionate about technology.
Must Haves
Advanced / fluent English
3 - 5 years of experience with AWS:
Networking (VPC)
Computing (EC2, autoscaling, launch configuration, customized AMI)
Databases (RDS)
S3
EFS
Knowledge of IaC (Terraform and CloudFormation)
Nice To Have
Knowledge on Kubernetes
Benefits & Perks
Home office ğŸ 
Flexible Hours;ğŸ•œ
Competitive compensation based on experience; ğŸ’µ
Career plans to allow for extensive growth in the company;ğŸ“ˆ
International Projects;ğŸŒ
Oowlish English Program (Improving and Certifying)ğŸ“š
Spanish Classes ğŸ“š
Oowlish fitness with Total Pass;ğŸ‹â€â™€ï¸
Oowlish Academy (Grants for Education);ğŸ“
Build your Home Office (Grants for Computer & Equipment);ğŸ’»
Connecting You (Internet allowance);ğŸ“¡
Anniversary bonus;ğŸ’¸
Wedding gift;ğŸ‘°â€â™€ï¸
Pet adoption incentive;ğŸ•
New baby Owl bonus;ğŸ‘©â€ğŸ¼
Back to School bonus;âœï¸
Netflix Subscription;ğŸ“½
Oowlish paradise â€“ 4 days/year at a Resort with your family & pets;ğŸ
Vacation Bonus;ğŸ–
Games and Competitions;ğŸ®
Enjoy your national Holidays;ğŸŠ
Oowlet StoreğŸ›’
Come join us in breaking the mold and revolutionizing the tech landscape! ğŸŒ Remember, with Oowlish, youâ€™re not just getting a job, youâ€™re becoming part of a community ğŸŒ of innovative, talented, and inspiring individuals who respect each other and our furry friends ğŸ¾.
Why wait to make your mark on the tech world?
Hit â€˜Apply Nowâ€™ to embark on Oowlish's exciting journey, and let's turbocharge innovation together! ğŸš€ğŸ‰
You Can Also Apply Here
Website: https://www.oowlish.com/work-with-us/
LinkedIn: https://www.linkedin.com/company/oowlish/jobs/
Instagram: https://www.instagram.com/oowlishtechnology/
#amazon #job #home #linkedin #career #online #employment #remote #work #international #clients #in #united #states #USA #vacant #hiring #opportunities #hire #application #apply #virtual #wfh #tech #best #english #offer #vacancy #desarrollador #desarrolladora #front #end #programador #programadora #programmer #full #stack #software #engineer #desarrollo #system #developer #code #desenvolvedor #engenheiro #sql #sde #web #backend #empleo #trabajo #ofertas #emprego #vagas #analista #android #api #aplicacion #app #apple #arquitect #automation #aws #azure #blockchain #builder #certified #ciber #cnc #coding #computa #consultor #cyber #data #delphi #desenvolve #dev #devops #diseÃ±a #django #etl #flutter #frontend #fullstack #git #hunt #informatica #ingenier #io #iphone #java #Link #microsoft #mobile #movil #node #oracle #php #plc #product #project #proyecto #python #react #ruby #sap #scrum #sdlc #senior #shopify #sistema #soft #sql #tec #tech #lead #testing #top #unity #vscode #web #design #wordpress"
Desarrollador de front-end Senior	https://pe.linkedin.com/jobs/view/desarrollador-de-front-end-senior-at-indra-3688010430?refId=%2BEbYmN%2Bqmf13CuPN1vqrqw%3D%3D&trackingId=U92IZ6qMNuqSyobobubJcA%3D%3D&position=6&pageNum=0&trk=public_jobs_jserp-result_search-card	Lima, Peru	2 days ago	Indra	"Trae tu talento a una compaÃ±Ã­a global de consultorÃ­a y tecnologÃ­a, con presencia en los 5 continentes y mÃ¡s de 40.000 profesionales. TrabajarÃ¡s en un entorno de soluciones y servicios innovadores para nuestros clientes en los principales sectores de actividad, aportÃ¡ndoles valor aÃ±adido. ParticiparÃ¡s de la transformaciÃ³n de los negocios trabajando con profesionales de referencia.
Esta es tu oportunidad
Buscamos un profesional con experiencia y visiÃ³n de futuro para contribuir en la implantaciÃ³n de soluciones y servicios eficientes y eficaces para satisfacer las demandas de nuestros clientes.
Desarrollador Front-end
Requisitos indispensable:
4 aÃ±os de experiencia en el desarrollo de aplicaciones backend y/o frontend
Javascript a un nivel avanzado
Experto en diversos marcos de desarrollo, como Angular, React, Vue, y puede enseÃ±ar a otros.
Desarrolla aplicaciones mÃ³viles y es experto en (1) marcos nativos como ReactNative, Flutter o Nativescript
Desarrolla pruebas unitarias de los componentes creados.
Desarrolla pruebas de interfaz con Selenium, CasperJs, PahntomJs,
Desarrolla pruebas e2e utilizando Selenium, Appium, Detox u otro marco
Ofrecemos:
Contrato directo con Indra
Planilla desde el primer dÃ­a laboral
Beneficios de ley.
Acceso gratuito e ilimitado a la plataforma educativa Udemy
Beneficios corporativos
Cobertura al 100% del seguro EPS
Cursos y certificaciones con Microsoft, AWS, GCP.
Oportunidad de crecer dentro de la empresa.
Lunes a Viernes de 9 am a 6 pm
Modalidad HÃ­brida
PLUS: En Indra tendrÃ¡s una carrera profesional adaptada a tus objetivos personales, con formaciÃ³n continua y en un entorno flexible. ParticiparÃ¡s en proyectos internacionales, con equipos multiculturales o locales, segÃºn tus preferencias, en un entorno diverso y con igualdad de oportunidades. DisfrutarÃ¡s de numerosos beneficios sociales y un interesante paquete retributivo, al tiempo que creces en un entorno innovador.
El proyecto que buscas estÃ¡ aquÃ­, Â¡ven a descubrirlo!"
Senior DevOps (Azure + Datadog + Kubernetes) - Work from home	https://pe.linkedin.com/jobs/view/senior-devops-azure-%2B-datadog-%2B-kubernetes-work-from-home-at-oowlish-3664042104?refId=%2BEbYmN%2Bqmf13CuPN1vqrqw%3D%3D&trackingId=bncxAHgGNQyd6ENTjP92Og%3D%3D&position=7&pageNum=0&trk=public_jobs_jserp-result_search-card	Lima, Peru	3 days ago	Oowlish	"Be part of our team!
ğŸš€ğŸ’¼ Are you ready to launch your career into the tech stratosphere with one of Latam's fastest-growing software development companies? ğŸ’ªğŸ’» At Oowlish, we're on the hunt for tech maestros to join our dynamic, cosmopolitan squad.
As an ğŸ¦‰OowlishğŸ¦‰ team member, you wonâ€™t just be part of a team, youâ€™ll join an innovative, supportive family, partnering with top-tier clients from the USA and Europe ğŸŒ to kickstart their digital journey. And being part of a ğŸŒŸGreat Place to WorkğŸŒŸ, itâ€™s all about learning, growing, and making a global impact - together!
Enjoy the flexibility of working in your PJs ğŸ§¦, with your furry friend ğŸ¶ on your lap, relishing your freedom and maintaining a perfect work-family life balance âš–ï¸. Because we know thatâ€™s when youâ€™re at your best. If you're a tech enthusiast ğŸ•¹ï¸, fluent in English ğŸ—£ï¸, and thrilled about working remotely while making an international splash, then you're on the right page!
We are looking for an experienced
DevOps Engineer
to join our team and work on international projects. We are looking for people that want to grow, are challenge-driven, follow good practices, and are passionate about technology.
Must Have
+5 years of experience with Azure architecture
Kubernetes (AKS) with enterprise scale
Good knowledge of Datadog and enterprise templates for Terraform and other infrastructure automation.
Strong Terraform experience
Knowledge in self-service templates
Good business vision capacity (long-term vision)
Open to work Part-time
Benefits & Perks
Home office ğŸ 
Flexible Hours;ğŸ•œ
Competitive compensation based on experience; ğŸ’µ
Career plans to allow for extensive growth in the company;ğŸ“ˆ
International Projects;ğŸŒ
Oowlish English Program (Improving and Certifying)ğŸ“š
Spanish Classes ğŸ“š
Oowlish fitness with Total Pass;ğŸ‹â€â™€ï¸
Oowlish Academy (Grants for Education);ğŸ“
Build your Home Office (Grants for Computer & Equipment);ğŸ’»
Connecting You (Internet allowance);ğŸ“¡
Anniversary bonus;ğŸ’¸
Wedding gift;ğŸ‘°â€â™€ï¸
Pet adoption incentive;ğŸ•
New baby Owl bonus;ğŸ‘©â€ğŸ¼
Back to School bonus;âœï¸
Netflix Subscription;ğŸ“½
Oowlish paradise â€“ 4 days/year at a Resort with your family & pets;ğŸ
Vacation Bonus;ğŸ–
Games and Competitions;ğŸ®
Enjoy your national Holidays;ğŸŠ
Oowlet StoreğŸ›’
Come join us in breaking the mold and revolutionizing the tech landscape! ğŸŒ Remember, with Oowlish, youâ€™re not just getting a job, youâ€™re becoming part of a community ğŸŒ of innovative, talented, and inspiring individuals who respect each other and our furry friends ğŸ¾.
Why wait to make your mark on the tech world?
Hit â€˜Apply Nowâ€™ to embark on Oowlish's exciting journey, and let's turbocharge innovation together! ğŸš€ğŸ‰
You Can Also Apply Here
Website: https://www.oowlish.com/work-with-us/
LinkedIn: https://www.linkedin.com/company/oowlish/jobs/
Instagram: https://www.instagram.com/oowlishtechnology/
#amazon #job #home #linkedin #career #online #employment #remote #work #international #clients #in #united #states #USA #vacant #hiring #opportunities #hire #application #apply #virtual #wfh #tech #best #english #offer #vacancy #desarrollador #desarrolladora #front #end #programador #programadora #programmer #full #stack #software #engineer #desarrollo #system #developer #code #desenvolvedor #engenheiro #sql #sde #web #backend #empleo #trabajo #ofertas #emprego #vagas #analista #android #api #aplicacion #app #apple #arquitect #automation #aws #azure #blockchain #builder #certified #ciber #cnc #coding #computa #consultor #cyber #data #delphi #desenvolve #dev #devops #diseÃ±a #django #etl #flutter #frontend #fullstack #git #hunt #informatica #ingenier #io #iphone #java #Link #microsoft #mobile #movil #node #oracle #php #plc #product #project #proyecto #python #react #ruby #sap #scrum #sdlc #senior #shopify #sistema #soft #sql #tec #tech #lead #testing #top #unity #vscode #web #design #wordpress"
Programador Web Full Stack - Cercado de Lima (Hibrido)	https://pe.linkedin.com/jobs/view/programador-web-full-stack-cercado-de-lima-hibrido-at-cobra-per%C3%BA-3681419303?refId=%2BEbYmN%2Bqmf13CuPN1vqrqw%3D%3D&trackingId=%2FlZlxiiYPtmXK6VvCkotsg%3D%3D&position=8&pageNum=0&trk=public_jobs_jserp-result_search-card	Lima, Lima, Peru	1 week ago	Cobra PerÃº	"AnÃ¡lisis y realizaciÃ³n de funciones en MySQL
InvestigaciÃ³n de nuevas tecnologÃ­as para implementaciÃ³n
ConstrucciÃ³n y desarrollo de sistemas informÃ¡ticos
MaquetaciÃ³n (CSS, HTM, JS)
Requisitos
Ingeniero o Bachiller en InformÃ¡tica o de Institutos Superiores en Desarrollo de nuevas aplicaciones o carreras afines
Dominio en PHP, Java (BÃ¡sico) y Android
Experiencia en Microsoft SQL server 2008 r2 y Microsoft PostgreSQL
Solidos conocimientos en Framework Laravel (avanzado), Codeigniter versiÃ³n 3, Angular 4.
Curso de html5, css3 y manejo de Adobe XD
Desarrollo de Web y Sistemas
Beneficios
Sueldo acorde al mercado
Trabajo hibrido (2 dÃ­as presencial y 3 dÃ­as remoto)
Ingreso a planilla desde el primer dÃ­a de trabajo con todos los beneficios de ley (CTS, GratificaciÃ³n, Vacaciones, Seguro Social, Seguro Vida Ley, AsignaciÃ³n Familiar*).
LÃ­nea de carrera segÃºn desempeÃ±o
ParticipaciÃ³n de utilidades
Beneficios corporativos y convenios con distintas instituciones.
Desde su creaciÃ³n en 1944, Grupo COBRA ha evolucionado hasta convertirse en un referente mundial con capacidad y determinaciÃ³n para desarrollar, crear y operar infraestructuras industriales y de energÃ­a que requieran un alto nivel de servicio, sobre la base de la excelencia en integraciÃ³n, innovaciÃ³n tecnolÃ³gica y solidez financiera. Grupo COBRA emplea a mÃ¡s de 30.000 personas en mÃ¡s de 45 paÃ­ses y ofrece una amplia gama de servicios a travÃ©s de mÃ¡s de 300 delegaciones aportando valor a todo tipo de clientes, desde particulares a grandes corporaciones. Nuestro espÃ­ritu emprendedor y vocaciÃ³n de servicio, hace posible centrar y maximizar el valor de los activos de nuestros clientes y su accionariado, trabajando bajo un conjunto de valores como el medioambiente, la salud y seguridad en el trabajo y la excelencia."
Mid Java AWS Developer	https://pe.linkedin.com/jobs/view/mid-java-aws-developer-at-encora-inc-3684309588?refId=%2BEbYmN%2Bqmf13CuPN1vqrqw%3D%3D&trackingId=I8dNFKOGO6N%2B%2BzoqE8cpQQ%3D%3D&position=9&pageNum=0&trk=public_jobs_jserp-result_search-card	Lima, Lima, Peru	1 week ago	Encora Inc.	"En Encora estamos en bÃºsqueda de un gran talento como tu para que se una a nuestro equipo como el prÃ³ximo
Mid
J
ava Develope
r (10159)
Â¿Te animas a unirte a nuestro gran equipo de ingenieros? Te invitamos a leer mÃ¡s de nosotros y conocer nuestra posiciÃ³n en bÃºsqueda
Sobre el rol
:
Como un
Mid Java Developer
, formarÃ¡s parte de un equipo tecnolÃ³gico y Ã¡gil altamente calificado por respaldar y desarrollar soluciones de vanguardia para cumplir con los requisitos de nuestro negocio. Nos ayudarÃ¡ a acelerar los resultados empresariales de nuestros clientes mediante la innovaciÃ³n de productos digitales de vanguardia.
Algunos de tus deberes esenciales y responsabilidades laborales del dÃ­a a dÃ­a serÃ¡n:
Optimizar las aplicaciones para que rindan mejor y de forma mÃ¡s rÃ¡pida.
Garantizar la seguridad de todo el entorno.
Solucionar posibles errores que se vayan detectando.
Gestionar e integrar las bases de datos necesarias.
Entre otros
Requisitos para la vacante
:
Experiencia mÃ­nima de 3 aÃ±os
Experiencia con tecnologÃ­a de desarrollo web back-end como API, bases de datos, mensajerÃ­a asincrÃ³nica y computaciÃ³n en la nube (AWS)
Experiencia con Java 11 o superior
Experiencia con Lambdas, Streams, Completable Future, Optional, generics
Experiencia en el desarrollo de API REST utilizando Spring Boot 2.X (reactivo) y habilidad en la especificaciÃ³n de API abierta (swagger).
Experiencia en el uso de servicios de AWS Aurora MySQL y AWS DynamoDB, AWS EKS, AWS MSK y AWS Batch
Experiencia con RxJava, Reactor, Spring Data, Retrofit
Experiencia escribiendo casos de prueba con framework JUnit, Mockito y Spock
Conocimientos de herramientas de pruebas open source como Cypress, Selenium, Serenity, Cucumber, Karate DSL, Cypress, JMeter y Postman
Conocimientos avanzados de BDD y Gherkins.
Experiencia con Bootstrap y Material UI
Experiencia con Angular 10+
Pruebas unitarias e integraciÃ³n (Mocha, Jest, etc)
Experiencia en el ciclo de vida de desarrollo Ã¡gil
Experiencia en el sector Banca/Finanzas
Experiencia en procesos como compensaciÃ³n, liquidaciÃ³n e integraciones
Por quÃ© te encantarÃ¡ trabajar con nosotros:
Trabajo Remoto: Trabajaras desde casa y tendrÃ¡s la opciÃ³n de ir a oficina cuando gustes.
Seguro mÃ©dico cubierto al 100%
Bonos por referidos
DÃ­a libre de cumpleaÃ±os
Horarios y modelos de trabajo flexibles para un mayor equilibrio entre la vida laboral y personal
FormaciÃ³n tÃ©cnica continua y capacitaciones constantes
Trabajar en una Great Place To Work caracterizada por un clima horizontal y dinÃ¡mico
Programa de reconocimientos corporativo
LÃ­nea de carrera que te permitirÃ¡ crecer con nosotros
Entre otros
Sobre Encora
:
Encora es una empresa global que ofrece soluciones de Software e IngenierÃ­a Digital, contando con mÃ¡s de 9000 encorians alrededor del mundo. Nuestras practicas tecnolÃ³gicas incluyen Servicios de Nube, IngenierÃ­a de productos, Ciencia e ingenierÃ­a de datos, Experiencia digital, DevOps, Ciberseguridad, IngenierÃ­a de calidad, entre otros.
En Encora Inc. contratamos profesionales basados Ãºnicamente en sus habilidades y no discriminamos por edad, discapacidad, religiÃ³n, gÃ©nero, orientaciÃ³n sexual, condiciÃ³n socioeconÃ³mica o nacionalidad."
Programador de sistemas (Backend)	https://pe.linkedin.com/jobs/view/programador-de-sistemas-backend-at-bdo-outsourcing-3663290180?refId=%2BEbYmN%2Bqmf13CuPN1vqrqw%3D%3D&trackingId=g873Hnu1AvSN7FE66JtBcw%3D%3D&position=10&pageNum=0&trk=public_jobs_jserp-result_search-card	San Isidro, Lima, Peru	4 weeks ago	BDO OUTSOURCING	"UÌnete a la #FamiliaBDO
En BDO creemos firmemente en la igualdad de oportunidades para todos y reconocemos que cada profesional tiene talentos y capacidades diferentes que pueden sumar a nuestro equipo, si estaÌs buscando crecer profesionalmente te invitamos a formar parte de esta gran familia.
Estamos en la buÌsqueda de un PROGRAMADOR DE SISTEMAS (BACKEND)
Requisitos
Egresado(a) teÌcnico o Universitario de la carrera de IngenieriÌa de Sistemas, InformaÌtica o afines
Experiencia miÌnima de 6 meses realizando funciones similares al puesto o en proyectos de desarrollo Web.
Nivel baÌsico a intermedio de programacioÌn web en C#.
Conocimiento baÌsico a intermedio de bases de datos MYSQL y POSTGRESQL.
Conocimiento baÌsico de programacioÌn de Web Services API REST.
Conocimiento de metodologiÌas de desarrollo (deseable).
Conocimiento de GIT o herramientas de versionamiento de coÌdigo (deseable).
Funciones
Escribir coÌdigo fuente seguro para implementar nuevos moÌdulos o funcionalidades, alineado a los procedimientos de desarrollo vigentes y a las pautas indicadas.
Revisar y/o corregir los errores funcionales de los sistemas en ejecucioÌn reportados por el Equipo de Soporte o usuarios finales.
Ejecutar pruebas de software siguiendo los lineamientos establecidos.
Reportar los avances y cumplimientos de las tareas asignadas
Subir diariamente el avance de su codificacioÌn al repositorio de Git.
Cumplir los procedimientos de desarrollo de software seguro establecidos.
Mantener actualizado el tablero de Azure Devops respecto al avance de las tareas asignadas.
Completar los documentos de control de cambios de software establecidos.
Apoyar en la elaboracioÌn de manuales de usuario final sobre la funcionalidad de un sistema o moÌdulo desarrollado.
Otras funciones inherentes al cargo
Competencias
Proactividad
GestioÌn del tiempo
Capacidad de siÌntesis
Habilidad para adaptarse a cambios
En BDO EncontraraÌs
Excelente ambiente laboral
Flexibilidad que te permitiraÌ mantener un balance entre tu vida personal y profesional
PodraÌs trabajar de forma hiÌbrida
TendraÌs una liÌnea de carrera que te ayudaraÌ a alcanzar tus objetivos
Planilla desde el 1er diÌa de trabajo y contrato a plazo Indeterminado que te brindaraÌ una mayor estabilidad laboral
Descuentos corporativos por pertenecer a la Firma
Somos Una Firma Global Con PropoÌsito
â€œPersonas ayudando a personas a alcanzar sus suenÌƒosâ€"
Desarrollador Full Stack (Python/FastAPI)	https://pe.linkedin.com/jobs/view/desarrollador-full-stack-python-fastapi-at-co-latam-3689959640?refId=%2BEbYmN%2Bqmf13CuPN1vqrqw%3D%3D&trackingId=h9eH56fu0BiUWjxJjiKikQ%3D%3D&position=11&pageNum=0&trk=public_jobs_jserp-result_search-card	Lima, Lima, Peru	1 day ago	CO-LATAM	"Importante empresa chilena estaÌ en busca de un talentoso Desarrollador Full Stack con experiencia en Python, FastAPI, y fuertes habilidades en pruebas, incluyendo pruebas unitarias. Si eres un apasionado de la tecnologiÌa y buscas un entorno en donde puedas crecer, esta posicioÌn podriÌa ser para ti.
Responsabilidades
DisenÌƒar y desarrollar aplicaciones web utilizando Python, FastAPI.
Crear interfaces de usuario atractivas y funcionales utilizando tecnologiÌas front-end como React, Angular, Vue, etc.
Implementar pruebas unitarias y otros tipos de pruebas para garantizar la calidad y funcionalidad del coÌdigo.
Trabajar en estrecha colaboracioÌn con los equipos de disenÌƒo y producto para comprender los requerimientos y traducirlos en soluciones efectivas.
Optimizar aplicaciones para maÌximo rendimiento y escalabilidad.
Mantener y mejorar el coÌdigo existente, incluyendo la revisioÌn de pares.
Requisitos
TiÌtulo en InformaÌtica, IngenieriÌa de Sistemas o campo relacionado.
Experiencia miÌnima de 1 anÌƒo en desarrollo full stack.
Experiencia comprobada con Python y FastAPI.
Fuerte conocimiento en tecnologiÌas front-end como HTML, CSS, JavaScript y alguÌn framework moderno (React, Angular, Vue, etc.).
Experiencia en la implementacioÌn de pruebas unitarias y otras metodologiÌas de prueba.
Familiaridad con bases de datos SQL y NoSQL.
Conocimientos en control de versiones (Git) y praÌcticas de DevOps.
Habilidades Adicionales
Pensamiento analiÌtico y capacidad para resolver problemas complejos.
Habilidad para trabajar tanto de manera independiente como en un equipo colaborativo.
Fuerte atencioÌn al detalle y compromiso con la calidad.
ComprensioÌn de las mejores praÌcticas de desarrollo aÌgil y metodologiÌas de trabajo.
Ofrecemos
Salario competitivo y paquete de beneficios.
Posibilidades de desarrollo profesional y crecimiento dentro de la empresa.
Ambiente de trabajo creativo, inclusivo y dinaÌmico."
React Software Developer - Work from home	https://pe.linkedin.com/jobs/view/react-software-developer-work-from-home-at-oowlish-3657040489?refId=%2BEbYmN%2Bqmf13CuPN1vqrqw%3D%3D&trackingId=5xEojdC4klAPqV0LeLGAHw%3D%3D&position=12&pageNum=0&trk=public_jobs_jserp-result_search-card	Lima, Peru	1 week ago	Oowlish	"Be part of our team!
ğŸš€ğŸ’¼ Are you ready to launch your career into the tech stratosphere with one of Latam's fastest-growing software development companies? ğŸ’ªğŸ’» At Oowlish, we're on the hunt for tech maestros to join our dynamic, cosmopolitan squad.
As an ğŸ¦‰OowlishğŸ¦‰ team member, you wonâ€™t just be part of a team, youâ€™ll join an innovative, supportive family, partnering with top-tier clients from the USA and Europe ğŸŒ to kickstart their digital journey. And being part of a ğŸŒŸGreat Place to WorkğŸŒŸ, itâ€™s all about learning, growing, and making a global impact - together!
Enjoy the flexibility of working in your PJs ğŸ§¦, with your furry friend ğŸ¶ on your lap, relishing your freedom and maintaining a perfect work-family life balance âš–ï¸. Because we know thatâ€™s when youâ€™re at your best. If you're a tech enthusiast ğŸ•¹ï¸, fluent in English ğŸ—£ï¸, and thrilled about working remotely while making an international splash, then you're on the right page!
We are looking for a
React Software Developer
, you will have the opportunity to learn and show your skills to and with some of the best developers in your stack.
Must Have
Experience level: Mid/Senior;
Solid experience in Javascript + HTML + CSS;
At least 3 years of experience with React;
Thorough understanding of React.js and its core principles including Virtual DOM, State, Props, and React Lifecycle;
Passion for UX perfectionism;
Fluent English.
Nice To Have
Experience with Gatsby;
Experience with Babel;
Experience with Styled-components;
Experience with Webpack;
Experience with CI/CD.
Benefits & Perks
Home office ğŸ 
Flexible Hours;ğŸ•œ
Competitive compensation based on experience; ğŸ’µ
Career plans to allow for extensive growth in the company;ğŸ“ˆ
International Projects;ğŸŒ
Oowlish English Program (Improving and Certifying)ğŸ“š
Spanish Classes ğŸ“š
Oowlish fitness with Total Pass;ğŸ‹â€â™€ï¸
Oowlish Academy (Grants for Education);ğŸ“
Build your Home Office (Grants for Computer & Equipment);ğŸ’»
Connecting You (Internet allowance);ğŸ“¡
Anniversary bonus;ğŸ’¸
Wedding gift;ğŸ‘°â€â™€ï¸
Pet adoption incentive;ğŸ•
New baby Owl bonus;ğŸ‘©â€ğŸ¼
Back to School bonus;âœï¸
Netflix Subscription;ğŸ“½
Oowlish paradise â€“ 4 days/year at a Resort with your family & pets;ğŸ
Vacation Bonus;ğŸ–
Games and Competitions;ğŸ®
Enjoy your national Holidays;ğŸŠ
Oowlet StoreğŸ›’
Come join us in breaking the mold and revolutionizing the tech landscape! ğŸŒ Remember, with Oowlish, youâ€™re not just getting a job, youâ€™re becoming part of a community ğŸŒ of innovative, talented, and inspiring individuals who respect each other and our furry friends ğŸ¾.
Why wait to make your mark on the tech world?
Hit â€˜Apply Nowâ€™ to embark on Oowlish's exciting journey, and let's turbocharge innovation together! ğŸš€ğŸ‰
You Can Also Apply Here
Website: https://www.oowlish.com/work-with-us/
LinkedIn: https://www.linkedin.com/company/oowlish/jobs/
Instagram: https://www.instagram.com/oowlishtechnology/
#amazon #job #home #linkedin #career #online #employment #remote #work #international #clients #in #united #states #USA #vacant #hiring #opportunities #hire #application #apply #virtual #wfh #tech #best #english #offer #vacancy #desarrollador #desarrolladora #front #end #programador #programadora #programmer #full #stack #software #engineer #desarrollo #system #developer #code #desenvolvedor #engenheiro #sql #sde #web #backend #empleo #trabajo #ofertas #emprego #vagas #analista #android #api #aplicacion #app #apple #arquitect #automation #aws #azure #blockchain #builder #certified #ciber #cnc #coding #computa #consultor #cyber #data #delphi #desenvolve #dev #devops #diseÃ±a #django #etl #flutter #frontend #fullstack #git #hunt #informatica #ingenier #io #iphone #java #Link #microsoft #mobile #movil #node #oracle #php #plc #product #project #proyecto #python #react #ruby #sap #scrum #sdlc #senior #shopify #sistema #soft #sql #tec #tech #lead #testing #top #unity #vscode #web #design #wordpress"
Developer Backend JAVA	https://pe.linkedin.com/jobs/view/developer-backend-java-at-inetum-3691649260?refId=%2BEbYmN%2Bqmf13CuPN1vqrqw%3D%3D&trackingId=jqyb73kHeoEcrgNmlrJzqg%3D%3D&position=13&pageNum=0&trk=public_jobs_jserp-result_search-card	Lima, Peru	22 minutes ago	Inetum	"Somos Inetum, una compaÃ±Ã­a de servicios Ã¡giles que proporciona soluciones digitales y un grupo global de tecnÃ³logos que acompaÃ±a a sus clientes en el proceso de digitalizaciÃ³n aprovechando al mÃ¡ximo el
digital flow
.
Ofrecemos a nuestros clientes una combinaciÃ³n Ãºnica de proximidad, organizaciÃ³n sectorial y soluciones de calidad. Presente en mÃ¡s de 26 paÃ­ses, el grupo tiene cerca de 27,000 colaboradores y apunta a seguir creciendo.
Â¡En Inetum acompaÃ±amos a nuestros clientes y colaboradores en su camino al Ã©xito! Si te gusta reinventarte y resolver problemas con nuevas estrategias, trabajar en proyectos de TI y negocios, Â¡postula ahora!
Actualmente nos encontramos en bÃºsqueda de un
Developer Backend Cloud
para que se integre a nuestro equipo de desarrollo.
Â¿QuÃ© esperamos de ti?
Profesional o tÃ©cnico en sistemas, computaciÃ³n, informÃ¡tica o afines.
Experiencia en desarrollo mÃ­nima de 3 aÃ±os.
Experiencia de 3 aÃ±os con Java 8 y/o Java 11.
Dominio de BD Relacional (MySQL, SQLServer y/o ORACLE).
Deseable en framework Spring, Spring Boot, Webflux, Spring Data.
Deseable en Patrones de diseÃ±o de programaciÃ³n como SOLID entre otros.
Experiencia en programaciÃ³n funcional, programaciÃ³n reactiva.
Deseable conocimiento de Cloud (Azure)
Conocimiento en Arquitectura de microservicios
Deseable conocimiento API Management y Kubernetes.
Deseable conocimiento metodologÃ­a SCRUM
Deseable entendimiento de APIs
Conocer Git Flow
Conocer Junit5.x
Conocimiento de Docker, TDD y BDD, Desarrollo seguro en Owasp
Experiencia con Jenkins y/o Pipelines
Â¿QuÃ© puedes esperar de nosotros?
Trabajo Hibrido
Horario de trabajo de lunes a viernes
RemuneraciÃ³n en planilla, con todas las condiciones de ley, desde el primer dÃ­a.
Estabilidad laboral, capacitaciÃ³n permanente y posibilidad de lÃ­nea de carrera.
Vale de alimentaciÃ³n (tarjeta Sodexo) y bono por trabajo remoto/movilidad.
Cobertura de EPS para ti.
LÃ­nea de carrera
Convenios y descuentos corporativos (salud, educativos, entretenimiento).
Conoce mÃ¡s de nosotros en www.inetum.world/es o visita nuestras redes sociales como Inetum PerÃº para conocer mÃ¡s de nuestra cultura corporativa y metodologÃ­as de trabajo. Â¡Te esperamos!
En Inetum promovemos la diversidad de gÃ©nero, origen Ã©tnico, nacionalidad, la inclusiÃ³n de personas con discapacidad y/o habilidades diferentes mediante la igualdad de oportunidades en todos los procesos, y buscamos ampliar las oportunidades de desarrollo profesional."
Frontend Developer StencilJs - Angular senior	https://pe.linkedin.com/jobs/view/frontend-developer-stenciljs-angular-senior-at-tata-consultancy-services-3670634087?refId=%2BEbYmN%2Bqmf13CuPN1vqrqw%3D%3D&trackingId=KT17iYe%2F3yY3K1yFEhXQyw%3D%3D&position=14&pageNum=0&trk=public_jobs_jserp-result_search-card	Lima, Peru	3 weeks ago	Tata Consultancy Services	"Tata Consultancy Services es una empresa de servicios de TI, consultorÃ­a y soluciones de negocios que se asocia con varias grandes empresas globales para acompaÃ±arlos en su trayectoria de transformaciÃ³n. TCS ofrece una cartera integrada enfocada en consultorÃ­a y basada en Cognitive de servicios TI, Servicios de TecnologÃ­a y Negocios, e ingenierÃ­a. Todo esto se ofrece por medio de su Ãºnico modelo de entrega Ãgil de ubicaciÃ³n independiente (Location Independent Agile), reconocido como el parÃ¡metro de excelencia en desarrollo de aplicaciones. Como parte del Grupo Tata, el conglomerado industrial mÃ¡s grande de la India, TCS posee mÃ¡s de 3 9 0, 0 0 0 de los consultores mejor capacitados del mundo en 4 6 paÃ­ses. La empresa generÃ³ una facturaciÃ³n consolidada de $ 1 7. 6 mil millones de dÃ³lares en el aÃ±o fiscal que finalizÃ³ el 3 1 de marzo de 2 0 1 7, y cotiza en la BSE (anteriormente la Bolsa de Valores de Bombay) y la NSE (Bolsa Nacional de Valores) de la India. Para mayor informaciÃ³n, visÃ­tenos en www.tcs.com. TATA Consultancy Services (TCS) es un empleador que trabaja sobre la base a mÃ©ritos y no solicita dinero a postulantes; ni utiliza agencia alguna para hacer ofertas en representaciÃ³n de TCS.
Estamos en bÃºsqueda de: Frontend Developer StencilJs - Angular senior
FUNCIONES:
a) Desarrollo de aplicaciones web con java
b) Atenciones de requerimientos
c) Desarrollo bajo metodologÃ­a Agil (SCRUM).
d) Trabajo en equipo. Capacidad para sugerir soluciones.
REQUERIMIENTOS:
Â· 3 AÃ‘OS DE EXPERIENCIA EN POSICIONES SIMILARES.
Â· StencilJs
Â· Angular > 12
Â· TypeScript
Â· UnitTest
Â· Css (Responsive Design, Mobile First)
Â· HTML
Â· Consumo de Api RestFull
Â· Scrum
Deseable:
Â· NodeJs
Â· Micro Frontend
Â· Azure
Â· Devops"
Desarrollador Backend	https://pe.linkedin.com/jobs/view/desarrollador-backend-at-gdp-supergroup-3666988057?refId=%2BEbYmN%2Bqmf13CuPN1vqrqw%3D%3D&trackingId=UrtqF5IakVg4ShK7Uyvhhw%3D%3D&position=15&pageNum=0&trk=public_jobs_jserp-result_search-card	Barranco, Lima, Peru	3 weeks ago	GDP SUPERGROUP	"Nuestra empresa dedicada al rubro de entretenimiento y juegos de azar se encuentra la bÃºsqueda del mejor talento para cubrir la vacante de Desarrollador Backend.
Funciones
DiseÃ±o y construcciÃ³n de microservicios e interfaces visuales de aplicaciones web.
Requisitos
Profesional egresado de la carrera de IngenierÃ­a de Software, IngenierÃ­a de sistemas o afines.
MÃ­nimo 2 aÃ±o de experiencia.
Conocimientos solidos de Golang en el manejo de punteros, interfaces, canales, rutinas, estructuras, paquetes, tags y reflection.
AbstracciÃ³n de Golang al paradigma de ProgramaciÃ³n Orienta a Objetos.
Experiencia con el Framework Echo o similar.
Manejo de versionamiento de cÃ³digo con Git
Conocimientos EspecÃ­ficos
Javascript
ProgramaciÃ³n Orientada a Objetos
Rest
Microservicios
MySQL
MongoDB
Redis
Frameworks/Utilidades Node Js (Hapi Js, Plugins y Modules)
Uso de Docker
Beneficios
Planilla completa con todos los beneficios de ley.
Horario: lunes a viernes de 8:00 am â€“ 6:00 pm.
Trabajo remoto."
Python Software Programmer - Work from Home	https://pe.linkedin.com/jobs/view/python-software-programmer-work-from-home-at-oowlish-3655653031?refId=%2BEbYmN%2Bqmf13CuPN1vqrqw%3D%3D&trackingId=jDM1vJCfky60kJ8OST1ZXQ%3D%3D&position=16&pageNum=0&trk=public_jobs_jserp-result_search-card	Lima, Peru	1 week ago	Oowlish	"Be part of our team!
ğŸš€ğŸ’¼ Are you ready to launch your career into the tech stratosphere with one of Latam's fastest-growing software development companies? ğŸ’ªğŸ’» At Oowlish, we're on the hunt for tech maestros to join our dynamic, cosmopolitan squad.
As an ğŸ¦‰OowlishğŸ¦‰ team member, you wonâ€™t just be part of a team, youâ€™ll join an innovative, supportive family, partnering with top-tier clients from the USA and Europe ğŸŒ to kickstart their digital journey. And being part of a ğŸŒŸGreat Place to WorkğŸŒŸ, itâ€™s all about learning, growing, and making a global impact - together!
Enjoy the flexibility of working in your PJs ğŸ§¦, with your furry friend ğŸ¶ on your lap, relishing your freedom and maintaining a perfect work-family life balance âš–ï¸. Because we know thatâ€™s when youâ€™re at your best. If you're a tech enthusiast ğŸ•¹ï¸, fluent in English ğŸ—£ï¸, and thrilled about working remotely while making an international splash, then you're on the right page!
Weâ€™re looking for an experienced Python Developer with hands-on experience in many technical facets of the Web Development field.
Must Haves
Wide knowledge in Python
Experience using Django
Experience integrating third-party APIs
Be knowledgeable within SQL and NoSQL Databases
Committed with the best development practices and used in design patterns
Be a detail-oriented person
Be comfortable speaking and writing in English
Nice To Have
Experience with AWS Products such as Lambda, EKS, ECR, Fargate, RDS, Aurora, API Gateway, Cognito;
Containers: Docker and Kubernetes;
API Design with OAS 3.0;
Event Drive Architecture: Kafka.
Benefits & Perks
Home office ğŸ 
Flexible Hours;ğŸ•œ
Competitive compensation based on experience; ğŸ’µ
Career plans to allow for extensive growth in the company;ğŸ“ˆ
International Projects;ğŸŒ
Oowlish English Program (Improving and Certifying)ğŸ“š
Spanish Classes ğŸ“š
Oowlish fitness with Total Pass;ğŸ‹â€â™€ï¸
Oowlish Academy (Grants for Education);ğŸ“
Build your Home Office (Grants for Computer & Equipment);ğŸ’»
Connecting You (Internet allowance);ğŸ“¡
Anniversary bonus;ğŸ’¸
Wedding gift;ğŸ‘°â€â™€ï¸
Pet adoption incentive;ğŸ•
New baby Owl bonus;ğŸ‘©â€ğŸ¼
Back to School bonus;âœï¸
Netflix Subscription;ğŸ“½
Oowlish paradise â€“ 4 days/year at a Resort with your family & pets;ğŸ
Vacation Bonus;ğŸ–
Games and Competitions;ğŸ®
Enjoy your national Holidays;ğŸŠ
Oowlet StoreğŸ›’
Come join us in breaking the mold and revolutionizing the tech landscape! ğŸŒ Remember, with Oowlish, youâ€™re not just getting a job, youâ€™re becoming part of a community ğŸŒ of innovative, talented, and inspiring individuals who respect each other and our furry friends ğŸ¾.
Why wait to make your mark on the tech world?
Hit â€˜Apply Nowâ€™ to embark on Oowlish's exciting journey, and let's turbocharge innovation together! ğŸš€ğŸ‰
You Can Also Apply Here
Website: https://www.oowlish.com/work-with-us/
LinkedIn: https://www.linkedin.com/company/oowlish/jobs/
Instagram: https://www.instagram.com/oowlishtechnology/
#amazon #job #home #linkedin #career #online #employment #remote #work #international #clients #in #united #states #USA #vacant #hiring #opportunities #hire #application #apply #virtual #wfh #tech #best #english #offer #vacancy #desarrollador #desarrolladora #front #end #programador #programadora #programmer #full #stack #software #engineer #desarrollo #system #developer #code #desenvolvedor #engenheiro #sql #sde #web #backend #empleo #trabajo #ofertas #emprego #vagas #analista #android #api #aplicacion #app #apple #arquitect #automation #aws #azure #blockchain #builder #certified #ciber #cnc #coding #computa #consultor #cyber #data #delphi #desenvolve #dev #devops #diseÃ±a #django #etl #flutter #frontend #fullstack #git #hunt #informatica #ingenier #io #iphone #java #Link #microsoft #mobile #movil #node #oracle #php #plc #product #project #proyecto #python #react #ruby #sap #scrum #sdlc #senior #shopify #sistema #soft #sql #tec #tech #lead #testing #top #unity #vscode #web #design #wordpress"
Data Engineer - Online Job	https://pe.linkedin.com/jobs/view/data-engineer-online-job-at-oowlish-3673325134?refId=%2BEbYmN%2Bqmf13CuPN1vqrqw%3D%3D&trackingId=UVln%2BOJD70TDnqTpbdOV%2BQ%3D%3D&position=17&pageNum=0&trk=public_jobs_jserp-result_search-card	Lima, Peru	2 weeks ago	Oowlish	"Be part of our team!
ğŸš€ğŸ’¼ Are you ready to launch your career into the tech stratosphere with one of Latam's fastest-growing software development companies? ğŸ’ªğŸ’» At Oowlish, we're on the hunt for tech maestros to join our dynamic, cosmopolitan squad.
As an ğŸ¦‰OowlishğŸ¦‰ team member, you wonâ€™t just be part of a team, youâ€™ll join an innovative, supportive family, partnering with top-tier clients from the USA and Europe ğŸŒ to kickstart their digital journey. And being part of a ğŸŒŸGreat Place to WorkğŸŒŸ, itâ€™s all about learning, growing, and making a global impact - together!
Enjoy the flexibility of working in your PJs ğŸ§¦, with your furry friend ğŸ¶ on your lap, relishing your freedom and maintaining a perfect work-family life balance âš–ï¸. Because we know thatâ€™s when youâ€™re at your best. If you're a tech enthusiast ğŸ•¹ï¸, fluent in English ğŸ—£ï¸, and thrilled about working remotely while making an international splash, then you're on the right page!
We are looking for an experienced Data Engineer to join our team and work on international projects. We are looking for people that want to grow, are challenge-driven, follow good practices, and are passionate about technology.
Must Haves
Fluent in English
Bachelorâ€™s degree in Computer Science.
4+ years of experience as a Data Engineer
Experience using MongoDB and GraphDB.
Experience in building data lakes
High-level experience in methodologies and processes for managing large-scale databases.
Ability to work with stakeholders to assess potential risks.
Ability to analyze existing tools and databases and provide software solution recommendations.
Ability to translate business requirements into non-technical, lay terms.
Understanding of addressing and metadata standards.
Benefits & Perks
Home office ğŸ 
Flexible Hours;ğŸ•œ
Competitive compensation based on experience; ğŸ’µ
Career plans to allow for extensive growth in the company;ğŸ“ˆ
International Projects;ğŸŒ
Oowlish English Program (Improving and Certifying)ğŸ“š
Spanish Classes ğŸ“š
Oowlish fitness with Total Pass;ğŸ‹â€â™€ï¸
Oowlish Academy (Grants for Education);ğŸ“
Build your Home Office (Grants for Computer & Equipment);ğŸ’»
Connecting You (Internet allowance);ğŸ“¡
Anniversary bonus;ğŸ’¸
Wedding gift;ğŸ‘°â€â™€ï¸
Pet adoption incentive;ğŸ•
New baby Owl bonus;ğŸ‘©â€ğŸ¼
Back to School bonus;âœï¸
Netflix Subscription;ğŸ“½
Oowlish paradise â€“ 4 days/year at a Resort with your family & pets;ğŸ
Vacation Bonus;ğŸ–
Games and Competitions;ğŸ®
Enjoy your national Holidays;ğŸŠ
Oowlet StoreğŸ›’
Come join us in breaking the mold and revolutionizing the tech landscape! ğŸŒ Remember, with Oowlish, youâ€™re not just getting a job, youâ€™re becoming part of a community ğŸŒ of innovative, talented, and inspiring individuals who respect each other and our furry friends ğŸ¾.
Why wait to make your mark on the tech world?
Hit â€˜Apply Nowâ€™ to embark on Oowlish's exciting journey, and let's turbocharge innovation together! ğŸš€ğŸ‰
You Can Also Apply Here
Website: https://www.oowlish.com/work-with-us/
LinkedIn: https://www.linkedin.com/company/oowlish/jobs/
Instagram: https://www.instagram.com/oowlishtechnology/
#amazon #job #home #linkedin #career #online #employment #remote #work #international #clients #in #united #states #USA #vacant #hiring #opportunities #hire #application #apply #virtual #wfh #tech #best #english #offer #vacancy #desarrollador #desarrolladora #front #end #programador #programadora #programmer #full #stack #software #engineer #desarrollo #system #developer #code #desenvolvedor #engenheiro #sql #sde #web #backend #empleo #trabajo #ofertas #emprego #vagas #analista #android #api #aplicacion #app #apple #arquitect #automation #aws #azure #blockchain #builder #certified #ciber #cnc #coding #computa #consultor #cyber #data #delphi #desenvolve #dev #devops #diseÃ±a #django #etl #flutter #frontend #fullstack #git #hunt #informatica #ingenier #io #iphone #java #Link #microsoft #mobile #movil #node #oracle #php #plc #product #project #proyecto #python #react #ruby #sap #scrum #sdlc #senior #shopify #sistema #soft #sql #tec #tech #lead #testing #top #unity #vscode #web #design #wordpress"
Back end developer (node js) remoto	https://pe.linkedin.com/jobs/view/back-end-developer-node-js-remoto-at-selectiva-3677486487?refId=%2BEbYmN%2Bqmf13CuPN1vqrqw%3D%3D&trackingId=j4DBMLVW31xv4q%2Fb0jerpA%3D%3D&position=18&pageNum=0&trk=public_jobs_jserp-result_search-card	Lima, Lima, Peru	2 weeks ago	Selectiva	"Nuestro Cliente, Importante Empresa Fintech, LÃ­der En Brindar Servicios Financieros En Medio Digitales; Ha Solicitado Nuestros Servicios De HEADHUNTING/RECLUTAMIENTO & SELECCIÃ“N Para Ubicar a Un Profesional De Primer Nivel y Cubrir La Siguiente PosiciÃ³n
BACK END DEVELOPER (NODE JS) â€“ 100% REMOTO
DOMINIOS PARTICULARES DEL CANDIDATO para desarrollar correctamente este puesto: Conocimiento de NodeJS, bases de datos NoSQL, Cloud Computing, patrones de diseÃ±o DDD
ZONA 1. COMPETENCIAS DURAS
Profesional de las carreras de: Finanzas, IngenierÃ­a de Sistemas, Software, Informatica, o carreras afines.
Del mismo modo, serÃ¡ Obligatorio que el candidato cuente con otros elementos de corte acadÃ©mico como Postgrados, Talleres, Certificaciones o similares en conocimiento de lenguajes de programaciÃ³n (Node JS) y patrones de diseÃ±os o temas similares que puedan sumar de forma positiva a la gestiÃ³n de esta posiciÃ³n
Provenir deseablemente de empresas de pequeÃ±a o mediana envergadura con giros de negocio como: Empresas TecnolÃ³gicas Comercializadoras de Servicios TecnolÃ³gicos; sin embargo otros giros serÃ¡n considerados.
Provenir, obligatoriamente, del Ã¡rea de Sistemas, Tecnologia de la Informacion, Desarrollo, Programacion.
Demostrar, obligatoriamente, no menos de 3 aÃ±os de experiencia ocupando una posiciÃ³n igual o similar a la posiciÃ³n solicitada.
Obligatorios
Conocimientos de NodeJS (mÃ­nimo 02 aÃ±os de experiencia)
Desarrollo de proyectos de software
Frameworks Express y Fastify
Conocimientos de bases de datos NoSQL (MongoDB, Firestore)
Conocimientos teÃ³rico de Cloud Computing (GCP, AWS) en servicios de orquestaciÃ³n de contenedores (Kubernetes)
Conocimiento teÃ³rico de patrones de diseÃ±o DDD (Domain Driven Design)
Conocimiento de colas (rabbitmq, sqs, pub/sub)
Conocimientos de Git
AutomatizaciÃ³n de procesos de desarrollo de software (CI, CD) - Jenkins
Deseables Ãšnicamente
Conocimientos de implementaciÃ³n de serverless
Conocimiento teÃ³rico de patrones de diseÃ±o Event Sourcing, CQRS (Command Query Responsibility Segregation)
Ingles intermedio
Office nivel intermedio
ZONA 2. FUNCIONES Y RESPONSABILIDADES
Presentar informes de resultados a la jefatura inmediata (Avances del proceso, status y los problemas que tuviera con el proyecto).
Coordinar en conjunto con las partes interesadas internas y otros ingenieros, el diseÃ±o y construcciÃ³n de sistemas de back-end.
Coordinar con proveedores para salvedad tÃ©cnica.
Coordinar con el Ã¡rea de producto para el diseÃ±o del negocio y atenciÃ³n de requerimientos por parte de los clientes (alcances, objetivos, variables a tomar en cuenta, lÃ­mites y casos de uso).
Ayudar a mejorar la confiabilidad de los sistemas de recopilaciÃ³n y sincronizaciÃ³n de datos.
Agregar nuevas integraciones y enviar nuevas funciones orientadas al usuario.
Gestionar partes importantes del sistema, diseÃ±ando y entregando soluciones estables de calidad.
Producir software de alta calidad, confiable y bien probado para ayudar a impulsar la plataforma SaaS.
Implementar e integrar ideas nuevas e innovadoras en el proceso de gestiÃ³n de software.
Proporcionar orientaciÃ³n a ingenieros y desarrolladores con menor experiencia.
ZONA 3. COMPETENCIAS BLANDAS
Liderazgo
ComunicaciÃ³n asertiva y efectiva
Orientacion al cliente
Capacidad de negociacion
Proactividad
Trabajo en equipo
Capacidad de analisis y solucion de problemas.
ZONA 4. PAQUETE DE BENEFICIOS OFRECIDOS
RemuneraciÃ³n Bruta Mensual : SegÃºn calificaciones
Tipo de ContrataciÃ³n : Planilla y beneficios de ley
Horario de trabajo : 48 horas semanales
Lugar especÃ­fico de trabajo : Santiago de Surco
Formato de Trabajo : Remoto"
Principal React Developer - Remote - Latin America	https://pe.linkedin.com/jobs/view/principal-react-developer-remote-latin-america-at-fullstack-labs-3678200578?refId=%2BEbYmN%2Bqmf13CuPN1vqrqw%3D%3D&trackingId=DK%2BVc2TsDWC%2BaisaXt4qxw%3D%3D&position=19&pageNum=0&trk=public_jobs_jserp-result_search-card	Lima, Lima, Peru	2 weeks ago	FullStack Labs	"FullStack is the fastest-growing software consultancy in the Americas. We help organizations like Uber, GoDaddy, MGM, Siemens, Stanford University, and the State of California, build distributed software development teams, and deliver transformational digital solutions. As an employee-first company, we focus on hiring the most talented software designers and developers in the western hemisphere, by creating a positive, respectful, and supportive work environment where they can achieve their greatest potential.
Weâ€™re most proud of:
Offering life-changing career opportunities to talented software professionals across the Americas.
Building highly-skilled software development teams for hundreds of the worldâ€™s greatest companies.
Having delivered hundreds of successful custom software solutions, which have positively impacted the lives and careers of millions of users.
Our 4.5-star rating on GlassDoor.
Our client Net Promoter Score of 68, twice the industry average.
The Position:
We're looking to hire Principal React.js developers to join our team. You'll work with our incredible clients in one of two ways:
Team Augmentation: You will integrate yourself directly into our client's team and work alongside their existing designers and engineers on a daily basis.
Design & Build: You will work on a FullStack Labs product team to build and deliver a product to our clients.
What We're Looking For:
7+ years of professional software development experience.
Advanced English is required.
Meaningful experience working with React.js.
Meaningful experience working with Next.js.
Meaningful experience working with GraphQL.
Meaningful experience working with TypeScript.
Experience working on large, complex systems.
Experience working on Agile / Scrum teams.
Ability to take extreme ownership over your work. Every day is a challenge to ensure you are performing to the expectations you and your team have agreed upon.
Ability to identify with the goals of FullStack's clients, and dedicate yourself to delivering on the commitments you and your team make to them.
An understanding of best practices and a commitment to following them.
Ability to work through new and difficult issues and contribute to libraries as needed.
Benefits:
Competitive pay in your local currency
100% remote work
The ability to work with leading startups and Fortune 500 companies
English Classes
Virtual company events each month
Ample opportunity for career advancement.Continuing education opportunities
Depending on your location other benefits may apply
FullStack is proud to be an equal opportunity workplace. We are committed to equal employment opportunity regardless of race, color, ancestry, religion, sex, national origin, sexual orientation, age, citizenship, marital status, disability, gender identity, or Veteran status. If you have a disability or special need that requires accommodation, please let us know by completing our Accommodations for Applicants form, which can be provided upon request during our hiring and interview process.
Learn more about our Applicants Privacy Notice ."
Desarrollador Full Stack - Modalidad Semipresencial	https://pe.linkedin.com/jobs/view/desarrollador-full-stack-modalidad-semipresencial-at-apuesta-total-3681709455?refId=%2BEbYmN%2Bqmf13CuPN1vqrqw%3D%3D&trackingId=OwoZnN58J06yP%2F2ARQGzEw%3D%3D&position=20&pageNum=0&trk=public_jobs_jserp-result_search-card	Santiago de Surco, Lima, Peru	1 week ago	Apuesta Total	"Empresa liÌder en el mercado peruano en el rubro de entretenimiento en canales online, retail y teleservicios, se encuentra en la buÌsqueda de tu talento para ocupar el cargo de Desarrollador - Modalidad Semipresencial
REQUISITOS:
Egresado o titulado de las carreras teÌcnicas y/o universitarias de Sistemas, ComputacioÌn, InformaÌtica y/o afines.
Experiencia miÌnima de 3 anÌƒo como Desarrollador de Software.
Dominio de tecnologiÌas como PHP, MySQL, GitHub, HTML, CSS, Javascript a Nivel Avanzado (Indispensable)
Dominio de Laravel 8.0 , Angular 14, IONIC, iOS y Androida nivel avanzado (Indispensable).
Dominio de Linux y Windows a nivel avanzado (Indispensable).
Disponibilidad para laborar de manera semipresencial en oficina de Surco de Lunes a Viernes.
FUNCIONES:
Revisar las funcionalidades y resolucioÌn de incidencias en la web y app de la plataforma de la empresa.
Realizar pruebas de UX(User Experience)/UI(User Interface) con la finalidad de mejorar la interfaz de la plataforma orientado al cliente.
Integrar aplicaciones y servicios con otros proveedores a traveÌs de APIs (Componentes) o Servicios Web seguÌn especificaciones teÌcnicas de ambas partes.
Desarrollar el prototipo de interfaz de usuario para ejemplificar los requerimientos del sistema.
Realizar la mejora continua del desarrollo web y app de la empresa.
Informar del avance mediante reportes y progreso de actividades en el status de proyectos.
Otras que le puedan ser asignadas por el superior inmediato.
BENEFICIOS:
RemuneracioÌn acorde al mercado.
Trabajo semipresencial en el distrito de Surco.
Ingreso a planilla con todos los beneficios de ley. (Gratificaciones, CTS, asignacioÌn familiar, Vacaciones, Essalud)
Excelente clima laboral."
Senior Angular Frontend Engineer	https://pe.linkedin.com/jobs/view/senior-angular-frontend-engineer-at-oowlish-3650016907?refId=%2BEbYmN%2Bqmf13CuPN1vqrqw%3D%3D&trackingId=BwiSrl1FTXJsCmZHAOt%2BWA%3D%3D&position=21&pageNum=0&trk=public_jobs_jserp-result_search-card	Lima, Peru	2 weeks ago	Oowlish	"Be part of our team!
ğŸš€ğŸ’¼ Are you ready to launch your career into the tech stratosphere with one of Latam's fastest-growing software development companies? ğŸ’ªğŸ’» At Oowlish, we're on the hunt for tech maestros to join our dynamic, cosmopolitan squad.
As an ğŸ¦‰OowlishğŸ¦‰ team member, you wonâ€™t just be part of a team, youâ€™ll join an innovative, supportive family, partnering with top-tier clients from the USA and Europe ğŸŒ to kickstart their digital journey. And being part of a ğŸŒŸGreat Place to WorkğŸŒŸ, itâ€™s all about learning, growing, and making a global impact - together!
Enjoy the flexibility of working in your PJs ğŸ§¦, with your furry friend ğŸ¶ on your lap, relishing your freedom and maintaining a perfect work-family life balance âš–ï¸. Because we know thatâ€™s when youâ€™re at your best. If you're a tech enthusiast ğŸ•¹ï¸, fluent in English ğŸ—£ï¸, and thrilled about working remotely while making an international splash, then you're on the right page!
We are looking for a Senior Angular Frontend Engineer to join our team and work on international projects. Whoever comes to this project needs to be able to take leadership and ownership of the project, take executive decisions and be able to be a role model for the offshore team.
Must Haves
Fluent in English
7+ years of software development experience.
4+ years of experience with Angular development
An understanding of software development best practices and a commitment to following them.
Comfort in reviewing othersâ€™ code and providing meaningful and clear feedback to overall improve a code base.
Comfort with paired programming and teaching other engineers about best practices, solutions, and implementation.
Comfort with operating in ambiguity and the ability to self-manage and make decisions with limited guidance
Strong communication skills across dispersed teams
Take pride and ownership in what you build.
Ability to work 40 hours per week.
Benefits & Perks
Home office ğŸ 
Flexible Hours;ğŸ•œ
Competitive compensation based on experience; ğŸ’µ
Career plans to allow for extensive growth in the company;ğŸ“ˆ
International Projects;ğŸŒ
Oowlish English Program (Improving and Certifying)ğŸ“š
Spanish Classes ğŸ“š
Oowlish fitness with Total Pass;ğŸ‹â€â™€ï¸
Oowlish Academy (Grants for Education);ğŸ“
Build your Home Office (Grants for Computer & Equipment);ğŸ’»
Connecting You (Internet allowance);ğŸ“¡
Anniversary bonus;ğŸ’¸
Wedding gift;ğŸ‘°â€â™€ï¸
Pet adoption incentive;ğŸ•
New baby Owl bonus;ğŸ‘©â€ğŸ¼
Back to School bonus;âœï¸
Netflix Subscription;ğŸ“½
Oowlish paradise â€“ 4 days/year at a Resort with your family & pets;ğŸ
Vacation Bonus;ğŸ–
Games and Competitions;ğŸ®
Enjoy your national Holidays;ğŸŠ
Oowlet StoreğŸ›’
Come join us in breaking the mold and revolutionizing the tech landscape! ğŸŒ Remember, with Oowlish, youâ€™re not just getting a job, youâ€™re becoming part of a community ğŸŒ of innovative, talented, and inspiring individuals who respect each other and our furry friends ğŸ¾.
Why wait to make your mark on the tech world?
Hit â€˜Apply Nowâ€™ to embark on Oowlish's exciting journey, and let's turbocharge innovation together! ğŸš€ğŸ‰
You Can Also Apply Here
Website: https://www.oowlish.com/work-with-us/
LinkedIn: https://www.linkedin.com/company/oowlish/jobs/
Instagram: https://www.instagram.com/oowlishtechnology/
#amazon #job #home #linkedin #career #online #employment #remote #work #international #clients #in #united #states #USA #vacant #hiring #opportunities #hire #application #apply #virtual #wfh #tech #best #english #offer #vacancy #desarrollador #desarrolladora #front #end #programador #programadora #programmer #full #stack #software #engineer #desarrollo #system #developer #code #desenvolvedor #engenheiro #sql #sde #web #backend #empleo #trabajo #ofertas #emprego #vagas #analista #android #api #aplicacion #app #apple #arquitect #automation #aws #azure #blockchain #builder #certified #ciber #cnc #coding #computa #consultor #cyber #data #delphi #desenvolve #dev #devops #diseÃ±a #django #etl #flutter #frontend #fullstack #git #hunt #informatica #ingenier #io #iphone #java #Link #microsoft #mobile #movil #node #oracle #php #plc #product #project #proyecto #python #react #ruby #sap #scrum #sdlc #senior #shopify #sistema #soft #sql #tec #tech #lead #testing #top #unity #vscode #web #design #wordpress"
C/C++ Engineer - Remote Work	https://pe.linkedin.com/jobs/view/c-c%2B%2B-engineer-remote-work-at-oowlish-3651736833?refId=%2BEbYmN%2Bqmf13CuPN1vqrqw%3D%3D&trackingId=6%2Ffo6IHW1GoooDh1kGrKVg%3D%3D&position=22&pageNum=0&trk=public_jobs_jserp-result_search-card	Lima, Peru	2 weeks ago	Oowlish	"Be part of our team!
ğŸš€ğŸ’¼ Are you ready to launch your career into the tech stratosphere with one of Latam's fastest-growing software development companies? ğŸ’ªğŸ’» At Oowlish, we're on the hunt for tech maestros to join our dynamic, cosmopolitan squad.
As an ğŸ¦‰OowlishğŸ¦‰ team member, you wonâ€™t just be part of a team, youâ€™ll join an innovative, supportive family, partnering with top-tier clients from the USA and Europe ğŸŒ to kickstart their digital journey. And being part of a ğŸŒŸGreat Place to WorkğŸŒŸ, itâ€™s all about learning, growing, and making a global impact - together!
Enjoy the flexibility of working in your PJs ğŸ§¦, with your furry friend ğŸ¶ on your lap, relishing your freedom and maintaining a perfect work-family life balance âš–ï¸. Because we know thatâ€™s when youâ€™re at your best. If you're a tech enthusiast ğŸ•¹ï¸, fluent in English ğŸ—£ï¸, and thrilled about working remotely while making an international splash, then you're on the right page!
We are looking for an experienced C/C++ Engineer to join our team and work on international projects. We are looking for people that want to grow, are challenge-driven, follow good practices, and are passionate about technology.
Must Haves
5+ years of experience in software development (C/C++)
Experience with embedded operating systems (VxWorks, Integrity, Linux, Deos, etc.)
Experience developing, debugging, and troubleshooting embedded OpenGL, Vulkan, or OpenCL drivers
Benefits & Perks
Home office ğŸ 
Flexible Hours;ğŸ•œ
Competitive compensation based on experience; ğŸ’µ
Career plans to allow for extensive growth in the company;ğŸ“ˆ
International Projects;ğŸŒ
Oowlish English Program (Improving and Certifying)ğŸ“š
Spanish Classes ğŸ“š
Oowlish fitness with Total Pass;ğŸ‹â€â™€ï¸
Oowlish Academy (Grants for Education);ğŸ“
Build your Home Office (Grants for Computer & Equipment);ğŸ’»
Connecting You (Internet allowance);ğŸ“¡
Anniversary bonus;ğŸ’¸
Wedding gift;ğŸ‘°â€â™€ï¸
Pet adoption incentive;ğŸ•
New baby Owl bonus;ğŸ‘©â€ğŸ¼
Back to School bonus;âœï¸
Netflix Subscription;ğŸ“½
Oowlish paradise â€“ 4 days/year at a Resort with your family & pets;ğŸ
Vacation Bonus;ğŸ–
Games and Competitions;ğŸ®
Enjoy your national Holidays;ğŸŠ
Oowlet StoreğŸ›’
Come join us in breaking the mold and revolutionizing the tech landscape! ğŸŒ Remember, with Oowlish, youâ€™re not just getting a job, youâ€™re becoming part of a community ğŸŒ of innovative, talented, and inspiring individuals who respect each other and our furry friends ğŸ¾.
Why wait to make your mark on the tech world?
Hit â€˜Apply Nowâ€™ to embark on Oowlish's exciting journey, and let's turbocharge innovation together! ğŸš€ğŸ‰
You Can Also Apply Here
Website: https://www.oowlish.com/work-with-us/
LinkedIn: https://www.linkedin.com/company/oowlish/jobs/
Instagram: https://www.instagram.com/oowlishtechnology/
#amazon #job #home #linkedin #career #online #employment #remote #work #international #clients #in #united #states #USA #vacant #hiring #opportunities #hire #application #apply #virtual #wfh #tech #best #english #offer #vacancy #desarrollador #desarrolladora #front #end #programador #programadora #programmer #full #stack #software #engineer #desarrollo #system #developer #code #desenvolvedor #engenheiro #sql #sde #web #backend #empleo #trabajo #ofertas #emprego #vagas #analista #android #api #aplicacion #app #apple #arquitect #automation #aws #azure #blockchain #builder #certified #ciber #cnc #coding #computa #consultor #cyber #data #delphi #desenvolve #dev #devops #diseÃ±a #django #etl #flutter #frontend #fullstack #git #hunt #informatica #ingenier #io #iphone #java #Link #microsoft #mobile #movil #node #oracle #php #plc #product #project #proyecto #python #react #ruby #sap #scrum #sdlc #senior #shopify #sistema #soft #sql #tec #tech #lead #testing #top #unity #vscode #web #design #wordpress"
Desarrollador Backend Senior	https://pe.linkedin.com/jobs/view/desarrollador-backend-senior-at-gdp-supergroup-3666986169?refId=%2BEbYmN%2Bqmf13CuPN1vqrqw%3D%3D&trackingId=X696uAG2Ia9wbEz9JP%2FF3g%3D%3D&position=23&pageNum=0&trk=public_jobs_jserp-result_search-card	Barranco, Lima, Peru	3 weeks ago	GDP SUPERGROUP	"Nuestra empresa dedicada al rubro de entretenimiento y juegos de azar se encuentra la bÃºsqueda del mejor talento para cubrir la vacante de Desarrollador Backend Senior.
Requisitos
2 aÃ±os de experiencia trabajando con Java.
4 aÃ±os de experiencia como desarrollador.
Conocimiento de bases de datos Relacionales y No-Relacionales (MySQL y MongoDB).
Experiencia modelado y desarrollando APIs REST o SOAP.
Experiencia con arquitecturas de microservicios. (deseable)
Experiencia con Go. (deseable)
Experiencia con Docker. (deseable)
Conocimiento en inglÃ©s intermedio-avanzado oral y escrito.
Funciones
Desarrollo de microservicios en Go.
Integraciones con APIs de terceros.
Modelado y construcciÃ³n de APIs REST y SOAP.
ImplementaciÃ³n de pruebas unitarias.
Code reviews.
Ayudar en los procesos de certificaciÃ³n de software.
Beneficios
Planilla completa con todos los beneficios de ley.
Trabajo 100% de remoto.
EPS
Horario: lunes a viernes de 8:00 am â€“ 6:00 pm.
Requerimientos- EducaciÃ³n mÃ­nima: TÃ©cnico"
Vue.js/Java Developer- Remote - Latin America	https://pe.linkedin.com/jobs/view/vue-js-java-developer-remote-latin-america-at-fullstack-labs-3663872971?refId=%2BEbYmN%2Bqmf13CuPN1vqrqw%3D%3D&trackingId=JUia%2FgPNzRAdoAgehv7jGA%3D%3D&position=24&pageNum=0&trk=public_jobs_jserp-result_search-card	Lima, Lima, Peru	1 week ago	FullStack Labs	"FullStack is the fastest-growing software consultancy in the Americas. We help organizations like Uber, GoDaddy, MGM, Siemens, Stanford University, and the State of California, build distributed software development teams, and deliver transformational digital solutions. As an employee-first company, we focus on hiring the most talented software designers and developers in the western hemisphere, by creating a positive, respectful, and supportive work environment where they can achieve their greatest potential.
Weâ€™re most proud of:
Offering life-changing career opportunities to talented software professionals across the Americas.
Building highly-skilled software development teams for hundreds of the worldâ€™s greatest companies.
Having delivered hundreds of successful custom software solutions, which have positively impacted the lives and careers of millions of users.
Our 4.5-star rating on GlassDoor.
Our client Net Promoter Score of 68, twice the industry average.
The position:
We're looking to hire one Vue.js developer with knowledge in Java to join our team. You'll work with our incredible clients in one of two ways:
Team Augmentation: You will integrate yourself directly into our client's team and work alongside their existing designers and engineers on a daily basis.
Design & Build: You will work on a FullStack product team to build and deliver a product to our clients.
What We are looking for:
4+ years of professional software development experience.
Advanced English is required.
Meaningful experience working with Vue.js and Java
Experience working on large, complex systems.
Experience working on Agile / Scrum teams.
Experience leading teams.
A four-year college degree is required.
Ability to take extreme ownership over your work. Every day is a challenge to ensure you are performing to the expectations you and your team have agreed upon.
Ability to identify with the goals of FullStack's clients, and dedicate yourself to delivering on the commitments you and your team make to them.
An understanding of best practices and a commitment to following them.
Ability to work through new and difficult issues and contribute to libraries as needed.
A positive mindset and a can-do attitude.
Benefits:
Competitive pay in your local currency.
100% remote work
The ability to work with leading startups and Fortune 500 companies
English Classes
Virtual company events each month
Ample opportunity for career advancement
Continuing education opportunities
FullStack is proud to be an equal opportunity workplace. We are committed to equal employment opportunity regardless of race, color, ancestry, religion, sex, national origin, sexual orientation, age, citizenship, marital status, disability, gender identity, or Veteran status. If you have a disability or special need that requires accommodation, please let us know by completing our Accommodations for Applicants form, which can be provided upon request during our hiring and interview process.
Learn more about our Applicants Privacy Notice ."
Developer Senior StencilJs -Angular	https://pe.linkedin.com/jobs/view/developer-senior-stenciljs-angular-at-tata-consultancy-services-3675452200?refId=%2BEbYmN%2Bqmf13CuPN1vqrqw%3D%3D&trackingId=QpVtrl3iqlmxjKJUlH9r%2BA%3D%3D&position=25&pageNum=0&trk=public_jobs_jserp-result_search-card	Lima, Peru	1 week ago	Tata Consultancy Services	"Job Role: Developer Senior StencilJs -Angular
Job Mode : Hybrid
3 aÃ±os de experiencia como Frontend Developer.
StencilJs
Angular > 12
TypeScript
UnitTest
Css (Responsive Design, Mobile First)
HTML
Consumo de Api RestFull
Scrum"
