CourseTitle	URL	Description
Reinserción Laboral	https://campusromero.pe/producto/reinsercion-laboral/	Potenciarás la empleabilidad a través del autoconocimiento del participante, su estilo de comunicación, el uso de herramientas y plataformas de empleabilidad y la mejora de tu perfil en base a los objetivos que te hayas trazado en cuanto a tu vida profesional. Con el fin de potenciar la búsqueda de nuevas oportunidades y facilitar la reinserción laboral, aprenderás a como realizar un plan estratégico profesional, la buena gestión de plataformas de trabajo, una buena estructura para un CV potente y unos tips para tener una entrevista exitosa.
Gestión ágil de proyectos (SCRUM)	https://campusromero.pe/producto/gestion-agil-de-proyectos-scrum/	Un viaje de aprendizaje donde descubrirás la filosofía Agile y la metodología Scrum. Te sumergirás en un enfoque dinámico de gestión de proyectos que abarca desde el cambio de perspectiva hasta la práctica de sprints, pasando por los roles fundamentales de un equipo Scrum y la eficaz administración de backlogs. Al final del curso, estarás preparado para aplicar estos conocimientos en entornos profesionales, liderando proyectos con eficiencia y adaptabilidad.
Planificación estratégica de marketing digital	https://campusromero.pe/producto/planificacion-estrategica-de-marketing-digital/	Aprenderás los conceptos, técnicas y herramientas propias del marketing digital que te ayudarán a crear tus propias campañas en diferentes plataformas. Además, contarás con los criterios necesarios para identificar las acciones correctivas que debes realizar para que tus publicaciones cumplan los objetivos de tu estrategia.¡Inscríbete y empieza a capacitarte! Continúa con Estrategias de Marketing Digital.
Análisis de Datos con Power BI	https://campusromero.pe/producto/analisis-de-datos-con-power-bi/	Al llevar este curso aprenderás a preparar una buena base de datos, a modelarlos y realizar informes a través de Dashboards interactivos que te ayudarán a transmtir de mejor manera la información en tu organización y que favorezca la toma de decisiones.
Digital Acceleration	https://campusromero.pe/producto/digital-acceleration/	"Aprenderás sobre las habilidades y pasos previos a la transformación digital en tu organización y las consideraciones que debes seguir para desarrollar un MVP del producto o servicio disruptor, tales como las estrategias de creación, evaluación y medición y el rol de la innovación disruptiva y la innovación marginal.
Sigue tu capacitación con Agile Mindset."
Herramientas Para La Comunicación Interna	https://campusromero.pe/producto/herramientas-para-la-comunicacion-interna/	Aprenderás qué es la comunicación interna y qué rol tiene dentro de tu organización, también aprenderás 3 herramientas prácticas y su aplicación para conocer y entender mejor las dinámicas de comunicación y las audiencias internas  de tu organización. De esta manera podrás crear planes de comunicación interna efectivos y orientados a un enfoque empático, humano que se alinee con los objetivos de la compañía.
Excel Avanzado	https://campusromero.pe/producto/excel-avanzado/	El curso de Excel Avanzado te permitirá reforzar los conceptos previamente aprendidos en los cursos de Excel Básico e Intermedio. Asimismo, te permitirá descubrir las funciones primordiales de búsqueda y referencia. Además, aprenderás a gestionar bases de datos a través de la validación de datos, manejo de filtros, tablas dinámicas y gráficos dinámicos. Finalmente, conocerás la importancia y aplicación de un Dashboard en Excel y como aplicar una macro. Todo ello, con la finalidad de que tengas las herramientas necesarias para gestionar para gestionar datos y realizar informes de alto impacto.
SIDE GIG	https://campusromero.pe/producto/side-gig/	¿Quieres saber cómo llevar dos trabajos en paralelo y no morir en el intento? Entonces, incrementar tu ingreso de dinero y hacerlo de manera estable será tu principal reto. En el curso Side Gig aprenderás la importancia de llevar un trabajo adicional para ampliar tu campo de acción profesional. Te mostraré como muchas personas y empresas se benefician de esta práctica laboral, que cada vez es más aceptada dentro del mundo empresarial. Deja atrás tus dudas y prepárate para potenciar tu capacidad de gestión y autonomía gracias al desarrollo de tu propio negocio o micro emprendimiento. Lo mejor de todo es que lo aprenderás sin perder tu trabajo actual.
Introducción a Power Bi	https://campusromero.pe/producto/introduccion-a-power-bi/	Al llevar este curso aprenderás a preparar una buena base de datos, a modelarlos y realizar informes que permitan identificar información relevante, de una manera sencilla y que favorezca la toma de decisiones.
Crea tu podcast profesional desde cero	https://campusromero.pe/producto/crea-tu-podcast-desde-cero/	Aprenderás cómo crear un podcast desde cero y a utilizarlo como herramienta estratégica para impulsar tu emprendimiento. Conocerás de principio a fin, desde cómo crear el contenido, cómo grabarlo y editarlo, hasta publicarlo en diferentes plataformas y compartirlo con el mundo entero. De esta manera, podrás interactuar con tus clientes actuales, promocionar tu marca o negocio y darlo a conocer a tus clientes potenciales.
Fundamentos de UX	https://campusromero.pe/producto/fundamentos-de-ux/	En este curso de Campus Romero aprenderás los conceptos y lineamientos básicos para obtener una base sólida en el diseño de la experiencia de usuario a través de plataformas digitales.
Social Media Marketing	https://campusromero.pe/producto/social-media-marketing/	En este curso de Campus Romero aprenderás cómo crear una estrategia exitosa en redes. Conocerás sobre las redes sociales más relevantes para impulsar tu marca, crear contenido de calidad y establecer objetivos claros para lograr tus metas. De esta forma podrás llegar a tu público objetivo, permitiéndote posicionar tu marca y ser relevante en las plataformas digitales.
Cómo gestionar tu equipo de trabajo	https://campusromero.pe/producto/como-gestionar-tu-equipo-de-trabajo/	En este curso de Campus Romero aprenderás qué es un equipo de trabajo adaptado a la nueva normalidad, el trabajo en equipo y porque las organizaciones necesitan trabajar en equipo actualmente, así como las formas de construir un equipo exitoso. Además, conocerás las herramientas necesarias para organizar tu equipo de trabajo, como desarrollarlo y gestionar equipos a distancia según los requerimientos actuales.
Redacción persuasiva para redes sociales	https://campusromero.pe/producto/redaccion-persuasiva-para-redes-sociales/	En este curso  conocerás qué elementos debes tener en cuenta antes, durante y después de desarrollar contenidos para redes sociales. Te mostraremos cómo generar titulares, textos, imágenes, y videos efectivos con información clara, concisa y veraz. De esta forma, podrás captar la atención de tu audiencia y lograr que tus piezas digitales logren cumplir tus objetivos o los de tu marca.
Crea tu propio emprendimiento digital	https://campusromero.pe/producto/crea-tu-propio-emprendimiento-digital/	Conocerás desde las herramientas básicas y la guía necesaria para dar los primeros pasos, pasando por las recomendaciones más importantes para establecer tu negocio y la metodología Lean Start Up, hasta la creación de un producto mínimo viable con el que puedas medir la aceptación de tus clientes. De esta manera, podrás crear tu marca o negocio y promocionarlo en diferentes plataformas digitales.
Agile Mindset	https://campusromero.pe/producto/agile-mindset/	Conocerás de principio a fin en qué consiste el agile mindset y sus fundamentos, cuáles son las características del framework Scrum y en qué casos es posible aplicar la agilidad a escala. Aprende a implementar las prácticas del agile mindset en tu día a día.
Educación financiera y economía básica	https://campusromero.pe/producto/educacion-financiera-y-economia-basica/	¿Sabías que existen diversas formas en las que el dinero puede generar valor?
Marketing Digital para redes sociales	https://campusromero.pe/producto/marketing-digital-para-redes-sociales/	"En este curso aprenderás desde cero cómo adentrarte en el mundo de las Redes Sociales y cómo cada una de ellas aporta un valor diferencial a tu marca.
Conoce cuál es la Red Social que más se adecua a tu público objetivo y sácale provecho para hacer crecer tu negocio."
Office Intermedio	https://campusromero.pe/producto/office-intermedio/	En este curso de Office Intermedio seguirás fortaleciendo tus conocimientos de las herramientas de Microsoft Office.
Excel Intermedio	https://campusromero.pe/producto/excel-intermedio/	El curso de Excel Intermedio es la continuación de Excel Básico. En este curso aprenderás las funciones matemáticas más usadas en el mundo laboral, así como las funciones estadísticas y de texto. Aumenta tu productividad usando la hoja de cálculo más popular en el mundo. Sigue creciendo profesionalmente y certifica lo aprendido.
Redacción Corporativa	https://campusromero.pe/producto/redaccion-corporativa/	La redacción es una habilidad que se desarrolla a partir de la práctica y de la identificación de los características claves de la situación comunicativa. En este curso, aprenderás a identificar las necesidades de comunicación del mundo empresarial, así como estrategias generales para mejorar la redacción pero también particulares para el contexto de las organizaciones. Potencia tu perfil profesional certificando lo aprendido.
Excel básico e intermedio	https://campusromero.pe/producto/excel-basico-e-intermedio-con-certificado/	¡SABER OFIMÁTICA TE AYUDARÁ A MEJORAR EN TU TRABAJO. APRENDE CON ESTE CURSO DE EXCEL CON CERTIFICADO!
Administración de Restaurantes	https://campusromero.pe/producto/administracion-de-restaurantes/	"¿Tienes tu propio negocio y no sabes cómo potenciarlo? Aprende cómo equiparlo, cómo manejar costos, cómo negociar con proveedores y hasta cómo gestionarlo con las herramientas que este curso te brindará.
No dejes de crecer y capacítate con nosotros."
Office Básico e Intermedio	https://campusromero.pe/producto/office-basico-e-intermedio/	¡POTENCIA TU PRODUCTIVIDAD CON LAS HERRAMIENTAS DE OFFICE BÁSICO E INTERMEDIO!
Especialización en Desarrollo Empresarial	https://campusromero.pe/producto/especializacion-en-desarrollo-empresarial/	"En esta especialización fortaleceremos las competencias necesarias para que puedas dirigir negocios.
Aprende a gestionar tu grupo humano, a llevar tu contabilidad y finanzas de forma óptima, a crear las mejores estrategias para incrementar tus ventas y gestionar las operaciones y logística de tu negocio."
Membresía Familiar (convenio ICPNA)	https://campusromero.pe/producto/membresia-familiar-convenio-icpna/	¿Te imaginas poder capacitarte sin límites? ¡Con esta membresía podrás potenciar tus habilidades y también tendrás la libertad de escoger cursos según tus necesidades! No dejes de avanzar y logra el éxito profesional que tanto anhelas.
Membresía Dúo (convenio ICPNA)	https://campusromero.pe/producto/membresia-duo-convenio-icpna/	¿Te imaginas poder capacitarte sin límites? ¡Con esta membresía podrás potenciar tus habilidades y también tendrás la libertad de escoger cursos según tus necesidades! No dejes de avanzar y logra el éxito profesional que tanto anhelas.
Membresía Individual (convenio ICPNA)	https://campusromero.pe/producto/membresia-individual-convenio-icpna/	¿Te imaginas poder capacitarte sin límites? ¡Con esta membresía podrás potenciar tus habilidades y también tendrás la libertad de escoger cursos según tus necesidades! No dejes de avanzar y logra el éxito profesional que tanto anhelas.
El ABC de las redes sociales	https://campusromero.pe/producto/iniciando-una-vida-en-redes-sociales/	En este curso aprenderás sobre el manejo básico de las redes sociales, sus fundamentos y las consideraciones que debes tener en cuanto a seguridad, identidad digital y la reputación en redes. Todo ello, con la finalidad de que empieces una vida en estas plataformas, tan importantes para interactuar en el mundo de hoy.
Comunicación asertiva	https://campusromero.pe/producto/comunicacion-asertiva/	Aprende paso a paso las técnicas necesarias para comunicar tu punto de vista de forma clara y directa.
Estrategias de Marketing Digital	https://campusromero.pe/producto/estrategias-de-marketing-digital/	Aprende todos los factores necesarios para posicionar tu marca en las plataformas digitales de hoy en día a través del marketing. Identifica a tu consumidor digital, crea comunidades de valor con alto engagement y suma todo esto para brindar la mejor experiencia en base a tu producto o servicio. ¡No te quedes atrás en la era digital y potencia tu negocio!
Excel Básico	https://campusromero.pe/producto/excel-basico/	"Aprende desde cero a usar todas las herramientas y funciones que te brinda Excel, como por ejemplo: Crear cuadros y tablas, aplicar funciones básicas y elaborar gráficos.
¡No te quedes sin aprender a usar el programa más usado en todas las empresas! Empieza hoy."
Pack Empieza tu negocio	https://campusromero.pe/producto/pack-empieza-tu-negocio/	"¿Quieres empezar tu negocio propio, pero no sabes por dónde empezar? ¡Este Pack de cursos es para ti!
Tendrás una guía para dar ese primer paso de forma correcta, además de herramientas para construir tu idea de negocio efectivamente y para el público correcto, a esto agrega que podrás tener información para potenciar tus ventas una vez empieces el proyecto.
¡Empieza hoy!"
Finanzas para no financieros	https://campusromero.pe/producto/finanzas-para-no-financieros/	Aprende a interpretar indicadores financieros y toma mejores decisiones empresariales.
Oportunidad laboral más allá de las fronteras	https://campusromero.pe/producto/en-busca-de-una-oportunidad-laboral-home-office-mas-alla-de-las-fronteras/	Aquí aprenderás las características principales del trabajo a distancia, así como la importancia que tiene mantener el equilibrio entre la vida personal y laboral. Además, conocerás algunos de los trabajos que se pueden realizar de forma remota, como las ventajas de saber un segundo idioma a la hora de buscar empleo en el extranjero y, lo mejor, podrás identificar algunos elementos que son necesarios para desarrollar oportunidades de empleo, como tener un perfil en LinkedIn o crear tu marca personal.
Big Data	https://campusromero.pe/producto/big-data/	En este curso aprenderás acerca de la tecnología y sociedad de la información y conceptos como base de datos, Business Intelligence y Business Analytics; además de conocer sobre los principios del big data y cómo la aplicación de diversas tecnologías e infraestructuras convierte a las organizaciones que la utilizan en casos de éxito empresarial.
Comunicación efectiva en tiempos de crisis	https://campusromero.pe/producto/comunicacion-efectiva-en-tiempos-de-crisis/	En este curso aprenderás los fundamentos básicos y las estrategias para establecer un plan de comunicación que ayude a la gestión de las crisis en una organización. Por otra parte, conocerás los principios de la comunicación de crisis para responder efectivamente ante cualquier eventualidad.
Salud y seguridad para ambientes de trabajo moderno	https://campusromero.pe/producto/salud-y-seguridad-para-ambientes-de-trabajo-moderno/	En este curso aprenderás acerca de los principios de la seguridad y salud en el trabajo y la importancia de establecer una cultura de prevención de riesgos laborales. Además, conocerás qué es la matriz IPERC, los elementos de la higiene ocupacional y la ergonomía y cómo puedes aplicar todo este sistema al trabajo remoto.
Hostigamiento Sexual Laboral	https://campusromero.pe/producto/hostigamiento-sexual-laboral/	En este curso aprenderás acerca del hostigamiento y el acoso sexual laboral, cuáles son sus manifestaciones y la base legal aplicable; además de cómo identificar el acoso sexual en redes sociales y a prevenir las consecuencias en la víctima a nivel personal, laboral y como sociedad.
Especialización en Liderazgo	https://campusromero.pe/producto/especializacion-en-liderazgo/	Aprende a desarrollar tus habilidades de liderazgo
Finanzas personales para emprendedores	https://campusromero.pe/producto/finanzas-personales-para-emprendedores/	Aquí aprenderás qué es la información financiera y conocerás cuáles son los estados financieros básicos que se deben utilizar para llevar el control financiero de una organización. Adicionalmente, aprenderás por qué las finanzas personales y empresariales no deben mezclarse y, lo mejor, es que tendrás la oportunidad de identificar las diferencias que hay entre ahorro e inversión.
Cómo utilizar la experiencia como fortaleza	https://campusromero.pe/producto/como-utilizar-la-experiencia-como-fortaleza/	Aquí aprenderás el significado de competencia y experiencia laboral, conocerás lo que es una experiencia relacionada, profesional e híbrida; tendrás la oportunidad de aprender a identificar las fortalezas que tienes tú y tu equipo de trabajo y cómo se pueden desarrollar competencias a través de la experiencia. Adicionalmente, aprenderás cómo se adquieren competencias a partir de la formación experiencial.
Trendhunting	https://campusromero.pe/producto/trendhunting/	En este curso aprenderás los lineamientos para la búsqueda de tendencias y conocerás cómo identificar y estructurar una idea que tenga el potencial de convertirse en tendencia. También podrás establecer los criterios necesarios para diferenciar los tipos de tendencia y hacer una presentación efectiva sobre ellas.
Seguridad Psicológica	https://campusromero.pe/producto/seguridad-psicologica/	Aquí aprenderás los principales aspectos que se deben tomar en cuenta en toda empresa para generar un clima de trabajo favorable para los colaboradores, a fin de que puedan expresar sus ideas, propuestas o soluciones innovadoras generando así un entorno de trabajo donde los colaboradores se sientan seguros psicológicamente, dispuestos a trabajar en equipo brindando y compartiendo información, aprendiendo de los errores, asumiendo riesgos y un alto compromiso de trabajo.
Pensamiento sistémico	https://campusromero.pe/producto/pensamiento-sistemico/	En este curso conocerás los fundamentos básicos del pensamiento sistémico y la formación de las estructuras o modelos mentales. Todo con la finalidad de entender cómo opera la mente humana para que mejores tu comunicación y relacionamiento con las personas y, además, para que tomes decisiones que te acerquen a tus objetivos.
Desarrollo humano, salud física y psicológica	https://campusromero.pe/producto/desarrollo-humano-salud-fisica-y-psicologica/	Aquí aprenderás qué es el modelo biopsicosocial, así como las características principales de los factores que lo conforman; además, conocerás los beneficios cognitivos y psicológicos que hacer actividad física le da a nuestro cuerpo. La mejor parte es que podrás aprender algunos ejercicios prácticos que te servirán para entrenar tu mente y, también, algunos procesos como la agilidad mental, la memoria, la atención y la flexibilidad cognitiva, elementos claves para desempeñarse de forma eficiente en el campo laboral y personal.
Comunicación corporativa y palabras mayores	https://campusromero.pe/producto/palabras-mayores/	Aquí aprenderás qué es el vocabulario empresarial, la importancia de comunicarse adecuadamente en el entorno laboral y tendrás la posibilidad de conocer cómo usar correctamente los anglicismos a la hora de hablar. Finalmente, conocerás la forma en la que la gestión y la adaptación del cambio influye en los colaboradores y en la organización cuando se encuentran en entornos volátiles.
Zoom, Teams y Meet para novatos	https://campusromero.pe/producto/zoom-teams-y-meet-para-novatos/	En este curso aprenderás sobre las características, las ventajas, las desventajas y las principales funciones de tres plataformas virtuales para la comunicación y el trabajo colaborativo. La finalidad es que empieces, poco a poco, a conocer y a dominar Zoom, Teams y Meet para aprovechar todas las ventajas que ofrecen.
Más historias para contar, más historias para vivir	https://campusromero.pe/producto/mas-historias-para-contar-mas-historias-para-vivir/	Aquí aprenderás qué es el envejecimiento activo, así como los retos para poder mantener el envejecimiento activo y saludable. Además, conocerás la importancia de mantener un aprendizaje constante así como los beneficios de estudiar en la etapa adulta. Podrás conocer los estilos de aprendizaje y las metodologías de aprendizaje más utilizadas para que el adulto mayor pueda aprender de forma satisfactoria en cada etapa de su formación.
Alfabetización digital	https://campusromero.pe/producto/alfabetizacion-digital/	En este curso conocerás cuál es el impacto de la cultura digital en nuestra forma de hacer las cosas. Además, descubrirás diversas herramientas digitales para la cotidianidad y para el trabajo remoto. Todo con la finalidad de que aprendas y goces de los beneficios que trae la digitalización en los distintos niveles de nuestra vida, tanto personal como profesional.
Diseño y creación de un emprendimiento social	https://campusromero.pe/producto/diseno-y-creacion-de-un-emprendimiento-social/	En este curso aprenderás a diseñar y a crear un emprendimiento social que fusione el aspecto social y la visión empresarial para una gestión efectiva y eficiente de los proyectos. Por otra parte, conocerás modelos y herramientas para guiarte en el camino del emprendimiento social y sostenerlo a través del tiempo.
Scrum para la gestión de equipos	https://campusromero.pe/producto/scrum-para-la-gestion-de-equipos/	En este curso aprenderás los fundamentos del Scrum, sus roles, eventos y artefactos para seguir la filosofía de este marco de trabajo y poder adaptarlo a proyectos empresariales o personales. Todo desde la conformación de un equipo de trabajo sólido, transparente, flexible y con la capacidad de autogestionarse.
Estrategias de motivación del personal	https://campusromero.pe/producto/estrategias-de-motivacion-del-personal/	Aquí aprenderás qué es la motivación laboral, los tipos de motivación que existen, conocerás algunas de las técnicas de motivación laboral que se pueden implementar con el personal como, por ejemplo, los reconocimientos, el salario emocional y la promoción de la participación. Además, conocerás la importancia de implementar un programa de calidad de vida laboral en tu organización.
Encuentra tu empleo con redes sociales	https://campusromero.pe/producto/encuentra-tu-empleo-con-redes-sociales/	¿Quieres saber cómo las redes sociales han cobrado un rol protagónico para las empresas a la hora de encontrar a candidatos potenciales? Define tu marca personal y mejora tus oportunidades como candidato.
Modelo Canvas Personal	https://campusromero.pe/producto/modelo-canvas-personal/	Conoce los beneficios de implementar tu marca personal con este modelo de negocios. ¡Impulsa tu marca y crea un plan de comunicación!
Cómo Operar un Restaurante	https://campusromero.pe/producto/como-operar-un-restaurante/	Analiza y aplica las principales acciones en un restaurante y genera un valor agregado único para mejorar la satisfacción de los clientes y disminuir los costos.
Empoderamiento en el mundo laboral	https://campusromero.pe/producto/empoderamiento-en-el-mundo-laboral/	Toma las riendas de tu vida y haz algo diferente, que te haga crecer y superar los obstáculos; aprende a empoderarte en este curso.
Potencia tu Marketing Personal	https://campusromero.pe/producto/potencia-tu-marketing-personal/	Desarrolla paso a paso tu marca personal y crea un gran impacto en entrevistas para conquistar el mercado laboral.
Contabilidad Financiera Básica	https://campusromero.pe/producto/contabilidad-financiera-basica/	Analiza e interpreta los principales estados financieros de una empresa y obtén mejores resultados a través de una buena toma de decisiones.
Gestión de tu Talento	https://campusromero.pe/producto/gestion-de-tu-talento/	Desarrolla aptitudes para ser una persona exitosa.
Storytelling	https://campusromero.pe/producto/storytelling-3/	Aprende a captar la atención de las personas a través de experiencias inolvidables. El arte de contar historias te ayudará a dar a conocer de manera más clara lo que se quiere decir, o lo que quieres que trasmita tu marca o servicio.
Office Básico	https://campusromero.pe/producto/office-basico/	Utiliza estas herramientas y aumenta tu productividad.
Análisis Financiero	https://campusromero.pe/producto/analisis-financiero/	Aprende a diagnosticar la situación económica y financiera de la empresa, vitales para tomar las mejores decisiones y ser más competitivos.
Pack Emprendimiento Ágil	https://campusromero.pe/producto/pack-emprendimiento-agil/	"Optimiza tus proyectos y ejecuta tus acciones eficientemente para que tu emprendimiento empiece a dar frutos con este Pack de cursos que tenemos para ti.
¡No dejes pasar la oportunidad de hacer de tu idea, una gran idea!
Agiliza, ejecuta y emprende hoy."
Pack Planificando mi emprendimiento	https://campusromero.pe/producto/pack-planificando-mi-emprendimiento/	"Empezar un negocio propio depende de muchos factores, pero sobre todo de saber planificarlo de forma adecuada. Ya que, de lo contrario hasta la idea más novedosa y rompedora será un rotundo fracaso.
Por ello, en este Pack de 3 cursos vas adquirir la información necesaria y una guía efectiva que te llevará a dar el primer paso con éxito."
Pack de Teletrabajo efectivo	https://campusromero.pe/producto/pack-de-teletrabajo-efectivo/	El trabajo desde casa es todo un reto, pero con las herramientas correctas podrás sacarle la vuelta de forma positiva. ¿Cómo? en este pack de cursos encontrarás lo necesario para potenciar tu productividad y hacer del teletrabajo tu mejor aliado.
El CEO de la nueva era	https://campusromero.pe/producto/el-ceo-de-la-nueva-era/	Aprenderás qué es un CEO, las funciones y responsabilidades que esta persona tiene en la organización.
Cómo realizar entrevistas de trabajo exitosas	https://campusromero.pe/producto/guia-para-realizar-entrevistas-de-trabajo-exitosas/	Aquí aprenderás los conceptos generales de una entrevista de trabajo, así como también las fases que se deben tener en cuenta al momento de estructurar una entrevista.
Liderando a los centennials	https://campusromero.pe/producto/liderando-a-los-centennials/	Aquí aprenderás las características principales de los “centennials” y cuáles son los procesos de aprendizaje que se utilizan en la actualidad para que esta generación aprenda de una forma dinámica.
Desarrollo de una sesión de coaching	https://campusromero.pe/producto/desarrollo-de-una-sesion-de-coaching/	En este curso, aprenderás cómo es la estructura de una sesión de coaching y las competencias más importantes que debe dominar un “coach” cuando la realiza.
Metodología Lean Start Up	https://campusromero.pe/producto/metodologia-lean-start-up/	Aprenderás qué es la metodología Lean Startup, así como la importancia que tiene este en el desarrollo de un proyecto, conocerás qué son las expectativas de los consumidores y lo que significa una necesidad y un deseo.
Herramientas de Coaching	https://campusromero.pe/producto/herramientas-de-coaching/	En este curso, aprenderás a utilizar diferentes herramientas, tanto si eres “coach” profesional como líder “coach”, dependiendo del contexto y del objetivo planteado.
Análisis digital con Google Analytics	https://campusromero.pe/producto/analisis-digital-con-google-anlytics/	En este curso, conocerás los fundamentos necesarios para poder llevar a cabo un análisis digital con la herramienta de Google Analytics.
Recursos humanos en épocas de transformación digital	https://campusromero.pe/producto/recursos-humanos-en-epocas-de-transformacion-digital/	Aquí aprenderás qué es la transformación digital y el impacto que ha generado en las empresas.
Aumenta el compromiso con programas de aprendizaje virtual	https://campusromero.pe/producto/aumenta-el-compromiso-con-programas-de-aprendizaje-virtual/	En este curso, aprenderás conceptos y estrategias para implementar una plataforma de e-learning de acuerdo a las necesidades de tu organización.
Cómo encontrar un trabajo a distancia	https://campusromero.pe/producto/como-encontrar-un-trabajo-a-distancia/	Aquí aprenderás las características principales sobre los trabajadores remotos y la cultura mediante la cual se desarrolla el trabajo a distancia. Además, tendrás la oportunidad de conocer los distintos tipos de trabajo que se pueden realizar de forma remota, así como también conocer cómo crear tu currículum de la forma apropiada para tener mejores oportunidades y, lo mejor, podrás conocer algunos conceptos básicos para crear tu marca personal, promocionarla y así lograr obtener clientes si deseas trabajar de forma independiente.
Gestión estratégica de tu Talento	https://campusromero.pe/producto/upc-gestion-de-tu-talento/	Lidérate a ti mismo y gestiona los aspectos que verdaderamente importan para ser un buen profesional.
Emprendimiento I y II	https://campusromero.pe/producto/upc-emprendimiento-i-y-ii/	Aprende todo lo necesario para poner en marcha tu emprendimiento y tener el conocimiento suficiente para superar los obstáculos y sacarlo adelante.
Emprendimiento II	https://campusromero.pe/producto/upc-emprendimiento-ii/	Aprende todo lo necesario para poner en marcha tu emprendimiento y tener el conocimiento suficiente para superar los obstáculos y sacarlo adelante.
Emprendimiento I	https://campusromero.pe/producto/upc-emprendimiento-i/	Inicia con los conceptos básicos para aterrizar tu emprendimiento y supera los obstáculos para sacarlo adelante.
Piano	https://campusromero.pe/producto/piano/	En este curso aprenderás lo que es una escala, un acorde, nomenclatura musical, los distintos compases y estructuras musicales.
Propiedad Intelectual en la Música	https://campusromero.pe/producto/propiedad-intelectual-en-la-musica/	En este curso podrás conocer y sentir los beneficios que ofrece una práctica constante de meditación.
Introducción a la Meditación	https://campusromero.pe/producto/introduccion-a-la-meditacion/	En este curso podrás conocer y sentir los beneficios que ofrece una práctica constante de meditación.
Percusión Menor	https://campusromero.pe/producto/percusion-menor/	Aprenderás diferentes técnicas para ejecutar los instrumentos de percusión menor, los distintos toques y algunos ejercicios para desarrollar la técnica de ambos instrumentos. Además aprenderás a ejecutar con la campana, quijada y cajita los ritmos principales de la música criolla y afroperuana: festejo (canción y danza) landó, zamacueca y panalivio. Se explicará también el patrón rítmico del vals ejecutado con las castañuelas.
Congas y Bongos	https://campusromero.pe/producto/congas-y-bongos/	Aprenderás diferentes técnicas para ejecutar las congas y el bongó, los distintos toques y algunos ejercicios para desarrollar la técnica de ambos instrumentos. Además aprenderás a ejecutar con las congas, los ritmos principales de la música afroperuana: festejo, landó, zamacueca y panalivio. Se explicará también los patrones rítmicos del festejo (canción y danza) ejecutados con el bongó.
Cajón Peruano	https://campusromero.pe/producto/cajon-peruano/	Aprenderás diferentes técnicas para ejecutar el cajón peruano, los distintos toques y algunos ejercicios para desarrollar la técnica del instrumento. Además aprenderás a ejecutar con el cajón, los ritmos principales de la música criolla y afroperuana: vals, festejo, landó, zamacueca y panalivio.
Percusión Afroperuana	https://campusromero.pe/producto/percusion-afroperuana/	Aprende paso a paso a desarrollar las habilidades necesarias para formarte dentro de la Percusión AfroPeruana.
Pack de Branding Personal	https://campusromero.pe/producto/pack-de-branding-personal/	¡No te pierdas este pack de 3 cursos, en donde conocerás la importancia de la marca personal!
Pack Mindfulness	https://campusromero.pe/producto/pack-mindfulness/	Las ventas son uno de los pilares en los negocios ¡Fortalece tu estrategia de ventas con este pack de 3 cursos!
Pack de Ventas	https://campusromero.pe/producto/pack-de-ventas/	Las ventas son uno de los pilares en los negocios ¡Fortalece tu estrategia de ventas con este pack de 3 cursos!
Crecimiento Personal	https://campusromero.pe/producto/crecimiento-personal/	Lo que sentimos y cómo expresamos esas emociones afectan directamente a nuestro desempeño, creatividad y las relaciones interpersonales. ¿Quieres ser más productivo? ¿Quieres seguir desarrollándote profesionalmente? Empieza por trabajar tus emociones
Emprendedor	https://campusromero.pe/producto/emprendedor/	Cuando un emprendedor decide arrancar su emprendimiento se encuentra con numerosos obstáculos. Aprende paso a paso a encontrar las herramientas y a desarrollar las habilidades necesarias para poner en marcha esa gran idea de negocio.
Potenciando tu perfil laboral	https://campusromero.pe/producto/potenciando-tu-perfil-laboral/	¿Quieres ser un líder en productividad? Aprovecha este pack de 4 cursos y consolídate en el mundo empresarial. Aprende los 04 pilares básicos para construir tu perfil profesional con redacción corporativa, clima y cultura, habilidades de organización y planificación y relaciones en el trabajo.
Metodologías Ágiles	https://campusromero.pe/producto/metodologias-agiles/	Experimenta las mejores prácticas organizacionales de gestión en el desarrollo de proyectos e implementa un liderazgo ágil en tu equipo
Buscando ser más Empleable	https://campusromero.pe/producto/buscando-ser-mas-empleable/	¡MARCA LA DIFERENCIA Y SÉ MÁS EMPLEABLE! Aprenderás a conocerte más, potenciarás tu marca personal y potenciarás tu perfil profesional. Completa tu cv con este pack de 4 cursos.
Autoconocimiento	https://campusromero.pe/producto/autoconocimiento/	Conocerás la mejor herramienta para saber quién eres y a dónde quieres llegar. Mejorarás tus relaciones y aprenderás a desarrollar tus fortalezas con más confianza en ti.
Intrapreneurship y mentalidad de crecimiento	https://campusromero.pe/producto/intrapreneurship-y-mentalidad-de-crecimiento/	Aprende las ventajas que trae el intrapreneurship para las empresas, y la diferencia entre intraemprendimiento y emprendimiento. Conoce la importancia de tener intraemprendedores al interior de tu compañía y las características principales de los intraemprendedores, en las cuales se basan para sacar adelante sus proyectos y conoce algunos conceptos claves que te serán útiles al momento de crear equipos intraemprendedores.
Generación de nuevos negocios en la era digital	https://campusromero.pe/producto/generacion-de-nuevos-negocios-en-la-era-digital/	¿Quieres saber cuáles son los modelos de negocios más utilizados? Aprende cómo la economía del conocimiento ha servido para transformar el mundo de los negocios adoptando y creando nuevas herramientas que sirven para mejorar los procesos diarios de una organización.
El rol del líder en la transformación digital	https://campusromero.pe/producto/el-rol-del-lider-en-la-transformacion-digital/	Conoce las características y las áreas claves de oportunidad para pasar de una empresa tradicional a una digital. Te enseñaremos a plantear la visión digital, ejemplos de estrategias y cómo un líder implementa la transformación digital.
Estrategias ágiles para empresas	https://campusromero.pe/producto/estrategias-agiles-para-empresas/	Aprende sobre la importancia de ser ágiles y flexibles dentro de una organización que está expuesta a los cambios del mercado actual.
Gestión del desempeño y desarrollo de competencias	https://campusromero.pe/producto/gestion-del-desempeno-y-desarrollo-de-competencias/	Aprende herramientas y metodologías que te ayuden a entender más sobre la gestión del recurso humano en las organizaciones y cómo enfocarla en el desarrollo de competencias.
Estrategias y habilidades para el networking	https://campusromero.pe/producto/estrategias-y-habilidades-para-el-networking/	Aprende a gestionar tus ventas desde casa y tu tiempo, a realizar reuniones virtuales exitosas, sobre prospección digital, a vender por redes sociales y a comunicarte
Representante de ventas en trabajo remoto	https://campusromero.pe/producto/representante-de-ventas-en-trabajo-remoto/	Aprende a gestionar tus ventas desde casa y tu tiempo, a realizar reuniones virtuales exitosas, sobre prospección digital, a vender por redes sociales y a comunicarte con empatía con tus clientes.
Formación en Ventas	https://campusromero.pe/producto/formacion-en-ventas/	Conoce y aprende las tres dimensiones de la formación necesarias para la formación en ventas: la formación básica, la formación comercial y la formación motivacional.
Venta Consultiva	https://campusromero.pe/producto/venta-consultiva/	En este curso conocerás los fundamentos de la venta consultiva, así como el perfil necesario para este tipo de actividad, pero, sobre todo, aprenderás cómo se realiza una venta consultiva y las principales técnicas para realizarla de manera exitosa.
Cultura de Servicio y Atención al Cliente	https://campusromero.pe/producto/cultura-de-servicio-y-atencion-al-cliente/	Destacar en las preferencias de los consumidores y conoce herramientas que te ayuden a agregar valor a tu servicio.
Introducción a Metodologías Ágiles	https://campusromero.pe/producto/introduccion-a-metodologias-agiles/	Aprende a aplicar las metodologías ágiles en la gestión de proyectos. Empieza este curso que te introduce en las metodologías más usadas en el mundo empresarial.
Diseño e Implementación de un Plan de Carrera	https://campusromero.pe/producto/diseno-e-implementacion-de-un-plan-de-carrera/	¿Quisieras identificar competencias y habilidades que tu organización necesita para el logro de sus objetivos? Aprende a diseñar un plan de carrera paso a paso y a armar una propuesta que realmente aporte valor a la gestión de recursos humanos de tu empresa
Reinserción al Mercado Laboral	https://campusromero.pe/producto/reinsercion-al-mercado-laboral/	Conoce pautas y técnicas para reinsertarte al mundo laboral como un currículum vitae, modelos de presentación y el fortalecimiento de tu red de contactos.
Guía para Entrevistas de Trabajo Exitosas	https://campusromero.pe/producto/guia-para-entrevistas-de-trabajo-exitosas/	¿Estás en búsqueda de trabajo? Conoce las mejores herramientas y metodologías para ser el candidato que destaque dentro de un proceso de selección.
Diseño de CV de Alto Impacto	https://campusromero.pe/producto/diseno-de-cv-de-alto-impacto/	Aprende a crear un currículum que sirva para captar la atención de los reclutadores y conocer la estructura ideal de una hoja de vida. Recuerda que es la primera impresión profesional que se llevarán los reclutadores.
Introducción al Coaching	https://campusromero.pe/producto/introduccion-al-coaching/	Aprenderás a hacer preguntas poderosas y a desarrollar tu escucha activa a través del Coaching ¡Identificar tus oportunidades de mejora, define tus metas y establecer una estrategia para llegar a ellas!
Delegación y Empowerment	https://campusromero.pe/producto/delegacion-y-empowerment/	Aprende a encontrar el equilibrio entre empoderarte y delegar funciones a tus compañeros. Realiza tus actividades con confianza y reparte funciones de manera justa y equitativa.
LinkedIn	https://campusromero.pe/producto/linkedin/	LinkedIn es una de las plataformas más grandes que existen y cuenta con un excelente potencial para ayudarte con la expansión de tu imagen profesional a nivel de marca, generación de ventas y captación de personal especializado. Aprende herramientas y funcionalidades para aprovechar al máximo su uso.
Manejo de Objeciones	https://campusromero.pe/producto/manejo-de-objeciones/	Adquiere la capacidad de manejar los obstáculos y respuestas negativas que pueden surgir por parte de tus clientes ante tu propuesta comercial.
Programación neurolinguistica	https://campusromero.pe/producto/programacion-neurolinguistica/	Conoce sobre la PNL, un modelo donde aprenderás técnicas para actuar, pensar y sentir de forma efectiva en tu día a día.
Teoría del color	https://campusromero.pe/producto/teoria-del-color/	Aprende una herramienta que facilitará tu comunicación según el entorno en el que te encuentres.
Pensamiento Estratégico	https://campusromero.pe/producto/pensamiento-estrategico/	Conoce los tips para implementar acciones estratégicas, utilizando recursos tanto materiales como humanos de forma eficaz, logrando así mejorar la productividad y el trabajo de toda la organización.
Comportamiento del Consumidor	https://campusromero.pe/producto/comportamiento-del-consumidor/	Este curso te brindará la información necesaria para desarrollar estrategias de promoción efectivas, llegando a conocer los principales elementos que entran en juego en el proceso de decisión de compra de todo consumidor.
Mindfulness en las Empresas	https://campusromero.pe/producto/mindfulness-en-las-empresas/	Dile adiós al estrés, ansiedad y mejora tu descanso descubriendo cómo aplicar el mindfulness. Aprenderás qué es y sus ventajas dentro de las empresas, llegando a autoconocerte y ser capaz de gestionar tus pensamientos, emociones y conocimientos.
Transformación Digital en las Empresas	https://campusromero.pe/producto/transformacion-digital-en-las-empresas/	Conoce cómo lograr el éxito en tu negocio a nivel digital. En este curso aprenderás a optimizar tu trabajo, logrando que este sea más efectivo dentro de tu empresa, utilizando herramientas tecnológicas.
Construcción de Marca	https://campusromero.pe/producto/construccion-de-marca/	Construye una marca de forma eficaz, en este curso te brindaremos los principales lineamientos para que puedas hacerlo, logrando planificar una visión estratégica a largo plazo.
Administración de las relaciones con los clientes	https://campusromero.pe/producto/administracion-de-las-relaciones-con-los-clientes/	Conocerás la importancia del CRM, una herramienta tecnológica centrada en el cliente, que ayuda a crear relaciones más cercanas y fieles con nuestros clientes. Aprende como el marketing de relaciones asegura un óptimo manejo de la información para mejorar procesos internos de tu empresa.
Presentaciones en Público y Digitales	https://campusromero.pe/producto/presentaciones-en-publico-y-digitales/	Aprende a crear contenido digital de calidad y lograr presentarte a tus espectadores de forma correcta. En este curso comprenderás la importancia del discurso, y cómo este resulta útil al momento de hablar frente cierta cantidad de personas.
Tácticas de Negociación Efectiva	https://campusromero.pe/producto/tacticas-de-negociacion-efectiva/	Adquiere la capacidad para transmitir un mensaje con una intención, en este curso aprenderás por qué la comunicación persuasiva es muy útil al momento de hacer
Comunicación Persuasiva	https://campusromero.pe/producto/comunicacion-persuasiva/	Adquiere la capacidad para transmitir un mensaje con una intención, en este curso aprenderás por qué la comunicación persuasiva es muy útil al momento de hacer negociaciones, mejorando entornos empresariales y personales a través de la credibilidad.
Psicología Positiva	https://campusromero.pe/producto/psicologia-positiva/	Conoce de qué trata la psicología positiva, a través de la potencialización de las cualidades y características positivas con las que cuentas como ser humano.
Venta emocional	https://campusromero.pe/producto/venta-emocional/	Asegura el éxito en las ventas de tu negocio, este curso te enseñará a lograrlo, de la mano de la inteligencia emocional, desarrollando conceptos que te facilitarán comprender el funcionamiento de la mente durante una experiencia de compra.
Clima y Cultura Organizacional	https://campusromero.pe/producto/clima-y-cultura-organizacional/	Conoce la importancia de generar y mantener un clima y cultura organizacional favorables en equipos de trabajo remoto logrando identificar cuál es la manera más efectiva para regular estos elementos dentro de tu organización.
Manejo de crisis	https://campusromero.pe/producto/manejo-de-crisis/	Buscas manejar una crisis de forma efectiva, este curso te permitirá profundizar en‌ ‌los‌ ‌factores‌ y fases‌ ‌que‌ ‌tiene‌ ‌una‌ ‌crisis‌ ‌desde‌ ‌un‌ ‌enfoque‌ ‌empresarial,‌ ‌y‌ ‌sobre todo‌, ‌lo‌ ‌necesario‌ ‌para‌ ‌afrontarla.
Cómo hacerte más empleable en tiempos de crisis	https://campusromero.pe/producto/como-hacerte-mas-empleable-en-tiempos-de-crisis/	Quieres convertir cada obstáculo en una oportunidad para crecer, y tener tus objetivos claros, este curso es la respuesta. Los mejores tips y recomendaciones para diferenciarte del resto y ser más empleable.
Ética en los Negocios	https://campusromero.pe/producto/etica-en-los-negocios/	Descubre los parámetros y códigos de comportamiento que deben acoplarse a la cultura organizacional y que enriquecerán tu vida personal y profesional.
Gestión de Equipos Remotos	https://campusromero.pe/producto/gestion-de-equipos-remotos/	Claves para liderar el equipo de trabajo a distancia, mejorando su desempeño y productividad.
Resiliencia	https://campusromero.pe/producto/resiliencia/	Aprenderás a potenciar la resiliencia. Para ello, recorreremos aspectos fundamentales como los pilares de la resiliencia y las características de las personas resilientes. Finalizaremos con recomendaciones puntuales para potenciar la resiliencia.
Resolución de Conflictos	https://campusromero.pe/producto/resolucion-de-conflictos/	Aprenderás a reconocer que los conflictos son parte del día a día de las organizaciones, pero es de mucha mayor importancia saber cómo reaccionar frente a ellos, es decir, aprender a resolverlos. Los módulos de este curso se centrarán en cómo identificar los conflictos, cómo prevenirlos y cómo mediar cuando estemos frente a uno.
Gestión del Cambio	https://campusromero.pe/producto/gestion-del-cambio/	Saber aceptar y gestionar el cambio es de vital importancia para las organizaciones y para cada uno de sus trabajadores hoy en día. En este curso, abordaremos cómo realizar una correcta gestión del cambio explorando temas como la resistencia al cambio y diversos modelos de gestión.
Productividad en el Trabajo	https://campusromero.pe/producto/productividad-en-el-trabajo/	Destaca como profesional siendo el más eficiente utilizando tu tiempo y alcanzando tus objetivos. Te damos los mejores tips para incrementar tu productividad ¿Qué estas esperando?
Reuniones Efectivas	https://campusromero.pe/producto/reuniones-efectivas/	Para que las reuniones sean realmente efectivas, se deben tener en cuenta cuestiones como la importancia de la agenda y pautas a seguir durante y después de la reunión. En este curso, veremos todo ello, comenzando con los conceptos básicos sobre las reuniones efectivas hasta llegar a las reglas para llevar una reunión online.
Retroalimentación en las organizaciones	https://campusromero.pe/producto/retroalimentacion-en-las-organizaciones/	La retroalimentación es una práctica de gran relevancia para las organizaciones. Por ello, en este curso te ayudaremos a comprender sus fundamentos, su impacto, y cómo realizar una retroalimentación efectiva.
Relaciones en el Trabajo	https://campusromero.pe/producto/relaciones-en-el-trabajo/	Aprenderás a cómo mantener relaciones armoniosas y productivas con tus jefes y pares en el entorno laboral. Construye una marca personal exitosa.
Dirección de Personal	https://campusromero.pe/producto/direccion-de-personal/	Los profesionales encargados de la dirección de personas deben atraer, retener y desarrollar el talento humano. En este curso, aprenderás la importancia del coaching frente a este reto, así como estrategias vinculadas con la capacitación y la remuneración, además del rol de la cultura organizacional.
Orientación al Cliente	https://campusromero.pe/producto/orientacion-al-cliente/	Aprenderás por qué la orientación al cliente es fundamental en el contexto actual de las organizaciones y empresas. Para ello, se desarrollarán conceptos y aspectos importantes como la fidelización y la comunicación; por otro lado, en cuanto a los clientes, de manera específica se abordará la administración de crisis y la tipología de clientes.
Excelencia en Resultados	https://campusromero.pe/producto/excelencia-en-resultados/	Durante este curso aprenderás como se presentan los principios básicos para la excelencia en la empresa, así como de la herramienta del EFQM para realizar una autoevaluación organizacional adecuada. Esto último se complementará con el esquema lógico REDER.
Manejo del estrés	https://campusromero.pe/producto/manejo-del-estres/	Aprende a lidiar con el estrés, profundiza sus efectos en la salud y tu entorno laboral , aplicando las técnicas para mejorar tu día a día y afrontar nuevos retos.
Fijación y ejecución de objetivos	https://campusromero.pe/producto/fijacion-y-ejecucion-de-objetivos/	Aprenderás el paso a paso para fijar y ejecutar adecuadamente un objetivo y alcanzar tus objetivos de manera eficiente. Conocerás las mejores estrategias para implementar o diseñar un plan de acción acorde.
Innovación	https://campusromero.pe/producto/innovacion/	Durante este curso aprenderás a ser innovador, mejorar procesos, modificar elementos, crear nuevas soluciones a diferentes problemas y mantenerte vigente en el mercado.
Habilidades Creativas	https://campusromero.pe/producto/habilidades-creativas-2/	Aprenderás a adquirir nuevas y diferentes perspectivas. Incluye la creatividad en tu día a día, y comenzarás a pensar fuera de la caja, y podrás construir ideas que marcarán la diferencia en tu organización y se adapten a diferentes situaciones.
Escucha activa	https://campusromero.pe/producto/escucha-activa/	Aprende a combinar tu postura, tono de voz, lenguaje corporal y emociones para escuchar con alto grado de atención y proporcionar respuestas directas y adecuadas.
Océano azul	https://campusromero.pe/producto/oceano-azul/	Diferénciate del resto con estrategias innovadoras y expande tu negocio. Aprende de esta metodología que te ayudará a generar una propuesta de valor única.
Modelo Canvas	https://campusromero.pe/producto/modelo-canvas-3/	Aprende a paso a paso cómo implementar un modelo de negocio innovador, de fácil ejecución y de alto valor para tus clientes. Empieza a diseñar empresas para el futuro.
Manejo del Tiempo	https://campusromero.pe/producto/manejo-del-tiempo/	Aprende a gestionar tu tiempo, desarróllalo como habilidad para mejorar tu productividad y calidad de vida. Planifícate para alcanzar tus objetivos personales y profesionales.
Neuromarketing	https://campusromero.pe/producto/neuromarketing/	Aprende a entender la mente de tus consumidores a través del neuromarketing. En este curso podrás descubrir los principales beneficios que trae esta disciplina avanzada, llegando a orientar las decisiones de compra a tu favor.
Habilidades de Organización y Planificación	https://campusromero.pe/producto/habilidades-de-organizacion-y-planificacion/	Aprenderás la importancia de las habilidades de organización y planificación, y se analizará con detalle cada uno de estos aspectos. En cuanto a la planificación, se abordarán recursos y herramientas de utilidad como los objetivos SMART, el análisis FODA y los KPI. Respecto de la organización, se tocará la delegación, la comunicación y el establecimiento de prioridades.
Design Thinking	https://campusromero.pe/producto/design-thinking/	Aprende a convertir necesidades en oportunidades, usa esta metodología para resolver problemas, diseñar y desarrollar productos o servicios. Te ayudará a maximizar el trabajo en equipo y desarrollar la creatividad colectiva innovando constantemente.
Gestión de equipos de alto desempeño	https://campusromero.pe/producto/gestion-de-equipos-de-alto-desempeno/	Aprenderás que contar con equipos de alto desempeño es clave para el desarrollo y éxito de las organizaciones. Asimismo, aprenderás cuáles son las características de los equipos de alto desempeño, cómo desarrollarlos y diversas técnicas de liderazgo para estos equipos.
Cierre de ventas	https://campusromero.pe/producto/cierre-de-ventas/	Aprenderás la importancia del cierre de ventas y sus componentes fundamentales. Del mismo modo, en este curso, encontrarás técnicas puntuales para cerrar las ventas y las claves para realizar un cierre exitoso.
Emprendimiento	https://campusromero.pe/producto/emprendimiento/	Comprende paso a paso el proceso de emprender y aplica herramientas de emprendimiento para que ejecutes y desarrolles tu idea de negocio.
Operaciones y Logística	https://campusromero.pe/producto/operaciones-y-logistica/	Lidera la transformación de la cadena de suministros y generar nuevos mercados, comprendiendo sus nuevos conceptos y gestionando a su vez la información que genera.
Marketing y Ventas	https://campusromero.pe/producto/marketing-y-ventas/	Aprende y aplica paso a paso las principales herramientas del marketing para incrementar las ventas en tu organización.
Finanzas	https://campusromero.pe/producto/finanzas/	Aprende a realizar e interpretar reportes financieros e identifica cómo una empresa es rentable, liquida y cuáles son los niveles de riesgo financiero que puede afrontar.
Planeamiento Estratégico	https://campusromero.pe/producto/planeamiento-estrategico/	Aprende a entender las necesidades del entorno y aprovecha los diversos factores para poder establecer e implementar una estrategia clara y de alto impacto.
Contabilidad de costos	https://campusromero.pe/producto/contabilidad-de-costos/	Aprende paso a paso los conocimientos básicos de la Contabilidad de Costos y herramientas para cuantificar impactos.
Recursos Humanos	https://campusromero.pe/producto/recursos-humanos/	Aprende a atraer, desarrollar y retener colaboradores con una visión humana y además, conocer el paso a paso sobre la gestión del personal.
Economía	https://campusromero.pe/producto/economia/	Aprende y aplica conceptos fundamentales del mundo de los negocios, que día a día se vuelven indispensables para adelantarte a la competencia.
Otros aspectos del visual merchandising	https://campusromero.pe/producto/otros-aspectos-del-visual-merchandising/	Aprende a implementar estrategias disruptivas de promoción en tus productos e incrementa los ingresos en el punto de venta.
Diseño de las instalaciones	https://campusromero.pe/producto/diseno-de-las-instalaciones/	Aprende a distribuir y a utilizar cada espacio del interior de tu local, crea detalles únicos y genera más ventas para tu negocio.
La iluminación	https://campusromero.pe/producto/la-iluminacion/	Aprende a utilizar correctamente los equipos de iluminación sobre tus equipos y productos e incrementa tus ingresos en tu punto de venta.
Las vitrinas y otros	https://campusromero.pe/producto/las-vitrinas-y-otros/	Aprende a utilizar los equipos y herramientas que te proporciona el visual merchandising para generar motivos de compra en tus clientes.
La importancia del color	https://campusromero.pe/producto/la-importancia-del-color/	Aprende a conjugar los colores de tus productos a través de un enfoque psicológico y otras herramientas importantes y consigue impactar a tus clientes.
Bases para un buen manejo visual	https://campusromero.pe/producto/bases-para-un-buen-manejo-visual/	Aprende a desarollar el potencial de tus productos en el punto de venta, a través de los elementos esenciales del visual merchandising.
Exhibición y promoción en el punto de venta	https://campusromero.pe/producto/exhibicion-y-promocion-en-el-punto-de-venta/	Aprende a aplicar promociones estratégicas que refuercen las virtudes de tus productos y servicios en el punto de venta.
Conociendo mi producto y mi cliente	https://campusromero.pe/producto/conociendo-mi-producto-y-mi-cliente/	Aprende a identificar las principales fortalezas de tu negocio, analiza tu competencia y obtén una ventaja competitiva extraordinaria.
Visual Merchandising	https://campusromero.pe/producto/visual-merchandising/	La imagen de tu tienda es vital para el futuro de tu negocio.
Aspectos Tributarios Para Formalizarte	https://campusromero.pe/producto/aspectos-tributarios-para-formalizarte/	Entérate sobre las obligaciones tributarias que debe cumplir tu empresa con el estado y contribuye con la formalidad del país.
Aspectos Laborales Para Formalizarte	https://campusromero.pe/producto/aspectos-laborales-para-formalizarte/	Conoce los deberes y derechos de tu empresa con respecto a tu capital humano.
Aspectos Comerciales Para Formalizarte	https://campusromero.pe/producto/aspectos-comerciales-para-formalizarte/	Aprende paso a paso la constitución, registro y celebración de contratos en tu empresa.
Formalizando mi Emprendimiento	https://campusromero.pe/producto/formalizando-mi-emprendimiento/	Conoce los aspectos laborales, comerciales y tributarios para formalizar tu empresa.
Logística de un Restaurante	https://campusromero.pe/producto/logistica-de-un-restaurante/	Aprende y ejecuta el proceso óptimo de compras en un restaurante y reduce los costos a través de negociaciones efectivas con proveedores.
Costos de Restaurantes	https://campusromero.pe/producto/costos-de-restaurantes/	Aprende a calcular los costos de un establecimiento gastronómico, optimízalos a través de metodologías y máximiza tus operaciones e ingresos.
Equipamiento de Restaurantes	https://campusromero.pe/producto/equipamiento-de-restaurantes/	Aprende a diseñar y ejecutar cada etapa importante que requiere el funcionamiento correcto de tu restaurante y consigue crear una propuesta única.
Analiza y crea un restaurante	https://campusromero.pe/producto/analiza-y-crea-un-restaurante/	Crea y dirige proyectos que aporten valor a tu organización y aplica soluciones innovadoras que mejoren su situación actual.
Gestión de la Innovación	https://campusromero.pe/producto/gestion-de-la-innovacion/	Aprende a desarrollar nuevos aspectos que generen valor a tu organización e implementa soluciones innovadoras que mejoren la coyuntura actual.
Lean Startup	https://campusromero.pe/producto/lean-startup/	Atrévete a crear negocios viables, aprovechando cada uno de tus recursos al máximo y construyendo relaciones con tus clientes.
Generación de ideas Disruptivas	https://campusromero.pe/producto/generacion-de-ideas-disruptivas/	Reinventa tu manera de pensar a través de herramientas de innovación y obtén ideas creativas.
La experiencia del cliente nunca termina	https://campusromero.pe/producto/la-experiencia-del-cliente-nunca-termina/	Desarrolla una filosofía de atención al cliente que genere posicionamiento y diferenciación en la experiencia con tus clientes.
Trabajo en Equipo	https://campusromero.pe/producto/trabajo-en-equipo/	Desarrolla junto a tus colaboradoras habilidades especiales de servicio y crea experiencias únicas para tus clientes.
Negociando con el cliente	https://campusromero.pe/producto/negociando-con-el-cliente/	Aprende a desarrollar atributos para negociar efectivamente y suma experiencias increíbles a tus clientes.
Un paso adelante del cliente	https://campusromero.pe/producto/un-paso-adelante-del-cliente/	Aprende a potenciar tus fortalezas para superar las expectativas de servicio de tus clientes.
24 Horas de Servicio	https://campusromero.pe/producto/24-horas-de-servicio/	Aprende a diseñar servicios que se transformen en experiencias únicas para todos tus clientes.
Servicio al Cliente	https://campusromero.pe/producto/servicio-al-cliente/	Aprenderás a desarrollar tu interacción con el cliente y generar un viaje de compra óptimo e inolvidable. En ese sentido, incrementarás tu efectividad al momento de brindar servicios y la forma en la cual trabajas con tus compañeros.
Reclutamiento y Selección	https://campusromero.pe/producto/reclutamiento-y-seleccion/	Prepárate para perfilar y gestionar a tu equipo humano y consigue los objetivos estratégicos de la organización.
Inteligencia Emocional I	https://campusromero.pe/producto/inteligencia-emocional-i/	Cada emoción tiene su lugar, conócete más y aprende a dirigirlas para conseguir tus objetivos personales y profesionales.
Liderazgo	https://campusromero.pe/producto/liderazgo/	Aprende los diversos enfoques de liderazgo, desarrolla tu estilo y trabaja con equipos de alta productividad para lograr tus objetivos a través de decisiones eficientes.
Finanzas para emprender	https://campusromero.pe/producto/finanzas-para-emprender/	Aprende a diferenciar los conceptos básicos que se requieren para comprenden la situación económica y financiera de tu organización y aprovecha de manera eficiente cada ciclo contable.
Costos para emprender	https://campusromero.pe/producto/costos-para-emprender/	Aprende a medir cada elemento del costo en tu organización y aprovecha de manera eficiente cada recurso con herramientas para controlarlos y realizar propuestas de mejora.
Plan de Operaciones para emprender	https://campusromero.pe/producto/plan-de-operaciones-para-emprender/	Aprende a aplicar las diferentes estrategias de operaciones para conseguir resultados de alto impacto y con el uso menor de los recursos de la organización.
Plan de Marketing para Emprender	https://campusromero.pe/producto/plan-de-marketing-para-emprender/	Aprende a identificar los deseos y necesidades de tus clientes y conceptualiza tus productos y servicios con el fin de que entreguen valor y creen relaciones duraderas.
Introducción Para Emprender	https://campusromero.pe/producto/introduccion-para-emprender/	Aprende a utilizar las herramientas necesarias para dar el primer paso en tu emprendimiento.
Plan de Negocios	https://campusromero.pe/producto/plan-de-negocios/	Aprende los conceptos fundamentales para desarrollar tu idea de negocio.
Inteligencia emocional II	https://campusromero.pe/producto/inteligencia-emocional-ii/	Conocerás más tus emociones y cultivarás una verdadera inteligencia emocional, en este curso, emprenderás un camino que profundizará en el origen de tus emociones para orientarlas a tu favor.
Creatividad e Innovación	https://campusromero.pe/producto/creatividad-e-innovacion/	Aprende a desarrollar habilidades para el pensamiento creativo e innovador, diversas herramientas y técnicas propuestas por la solución creativa de problemas.
Negocios e Innovación	https://campusromero.pe/producto/negocios-e-innovacion/	Aprende las nuevas tendencias de innovación y refuerza tu liderazgo en el mercado.
Word Básico e Intermedio	https://campusromero.pe/producto/word-basico-e-intermedio/	Continúa potenciando tus habilidades en Microsoft Word llevando el nivel básico e intermedio juntos.
Power Point Básico e Intermedio	https://campusromero.pe/producto/power-point-basico-e-intermedio/	Continúa potenciando tus habilidades en Microsoft Power Point llevando el nivel básico e intermedio juntos.
Word Intermedio	https://campusromero.pe/producto/word-intermedio/	Aprende a elaborar documentos que impacten en tu vida personal y carrera profesional de manera rápida y disminuye el tiempo de realización de tareas.
Power Point Intermedio	https://campusromero.pe/producto/power-point-intermedio/	Aprende a comunicar y compartir tus ideas a través de forma gráfica y textual con herramientas avanzadas de power point.
Word Básico	https://campusromero.pe/producto/word-basico/	Aprende a utilizar desde cero el procesador de texto que está presente en casi todos los equipos del mundo y facilita tu trabajo con esta potente herramienta.
Power Point básico	https://campusromero.pe/producto/power-point-basico/	Aprende paso a paso a utilizar uno de los programas de presentación ampliamente reconocidos y de mayor impacto y consigue cautivar a todos los participantes.
Presentaciones Efectivas	https://campusromero.pe/producto/presentaciones-efectivas/	Capta la atención de las personas, cautiva con presentaciones de alto impacto y logra crecer laboralmente
Gestión del Capital de Trabajo	https://campusromero.pe/producto/gestion-del-capital-de-trabajo/	Aprende a interpretar y a mejorar la liquidez de la empresa y potencia su capacidad frente a sus acreedores.
Rentabilidad de las Operaciones	https://campusromero.pe/producto/rentabilidad-de-las-operaciones/	Aprende a identificar y a categorizar los costos de tu empresa y maximiza las operaciones.
Introducción y Conceptos Generales de Finanzas	https://campusromero.pe/producto/introduccion-y-conceptos-generales-de-finanzas/	Aprende los principales conceptos y objetivos sobre el funcionamiento de una empresa y aprovecha sus diferentes ciclos para maximizar tus ingresos.
Cómo ser feliz en el trabajo	https://campusromero.pe/producto/como-ser-feliz-en-el-trabajo/	Aprende a lograr la felicidad laboral con lo que tienes y elimina los obstáculos que lo impidan.
Competencias Directivas	https://campusromero.pe/producto/competencias-directivas/	Reconoce y potencia las aptitudes que te harán destacar en el mercado laboral.
Empleabilidad y Mercado Laboral	https://campusromero.pe/producto/empleabilidad-y-mercado-laboral/	Conoce el mercado laboral en nuestro país y preparáte para resaltar dentro de un proceso de selección.
Familiar	https://campusromero.pe/producto/familiar/	"¡Todos para uno, y uno para todos! No hay mejor sensación que el estar en familia y si a eso le añadimos el cumplimiento de objetivos profesionales… ¡Éxito rotundo! Por ello, accede a este plan familiar y haz que el crecimiento de cada uno sea la alegría de todos. 
Que este año sea un año de objetivos cumplidos. ¡Empecemos juntos!"
Individual	https://campusromero.pe/producto/individual/	¿Te imaginas poder capacitarte sin límites? ¡Con esta membresía podrás potenciar tus habilidades y también tendrás la libertad de escoger cursos según tus necesidades! No dejes de avanzar y logra el éxito profesional que tanto anhelas.
2×1 Membresía Dúo	https://campusromero.pe/producto/anual/	¡El conocimiento es poder! Por ello, ten la libertad de capacitarte sin límites y escoge los cursos que desees según tus necesidades profesionales y/o personales. Además, comparte conocimiento con tu persona favorita obteniendo dos cuentas anuales por el precio de una. ¿Te lo vas a perder? ¡Supera cada desafío y cumple tus objetivos hoy!
English for Leadership and Management	https://campusromero.pe/producto/english-leadership/	En este curso, aprenderá los aspectos clave del liderazgo y la gestión, como impulsar la visión de una empresa, dar un feedback eficaz y gestionar un equipo eficiente. Aprenderá cualidades y habilidades de liderazgo de la mano de expertos y líderes empresariales experimentados de todo el mundo.
English for Tourism and Hospitality	https://campusromero.pe/producto/english-tourism/	En este curso, explorará los fundamentos de la industria del turismo y la hostelería, desde las operaciones turísticas hasta la gestión hotelera.
English for travelers	https://campusromero.pe/producto/english-travelers/	En este curso, explorará situaciones comunes a las que se enfrenta y con las que tiene que lidiar el viajero cotidiano.
Business skills	https://campusromero.pe/producto/business-skills/	En este curso, aprenderás sobre diversas funciones laborales, desde RRHH y atención al cliente hasta informática y marketing. El curso también cubre presentaciones, reuniones, negociaciones, liderazgo y habilidades empresariales, correspondencia por correo electrónico y mucho más.
Asistente administrativo	https://campusromero.pe/producto/dominio-informatico/	Domina las herramientas fundamentales de la informática, desde la creación de presentaciones impactantes hasta la gestión de documentos y datos. Avanza desde lo básico hasta un nivel intermedio en Power Point, Word y Excel. Impulsa tus habilidades informáticas con esta ruta.
